id1,id2
3569312,9442163
3569312,9522852
3569312,9549525
9442163,9522852
9442163,9549525
9522852,9549525
12658910,3213055
12658910,3174121
3213055,3174121
1033927,9114975
8655919,847046
3462484,10261176
383933,7826253
7092750,7022921
1658211,6300974
9167292,377059
13224692,3594362
222684,3714715
299592,9279844
5886110,13163371
14061389,13796606
1725102,9875432
10720010,10822483
12849640,9048294
10204663,9147746
3259214,10199232
13774208,9524560
12653724,9632014
6907861,6913618
13322968,13275499
13322968,13053815
13275499,13053815
5881021,8820692
9294462,6883525
3838687,8599434
7224116,10030351
12397998,13451107
2396239,2463453
7622974,8265186
9822184,7893916
6205731,3721551
9889974,3207613
1635232,12346118
1635232,8603834
12346118,8603834
2343115,2694612
1374947,12212471
8219948,12709211
8219948,10807443
12709211,10807443
515017,681446
8933600,9616447
8933600,8932722
9616447,8932722
6579221,6539628
9131514,12993124
7965941,7961638
12188650,9961267
11701379,9954806
13762416,8650985
12888359,3228539
12888359,12719198
3228539,12719198
9708759,12731768
567508,6055479
6389341,12170989
11850471,6570136
8945062,8977828
13615512,2238885
13544278,10459492
11343991,972768
3203631,9820852
11273565,1036290
622944,6026057
11140616,294023
9554387,9237811
9430019,478005
3553514,12720980
966277,7614686
2733271,2502823
2733271,12294479
2502823,12294479
9656291,3226329
94392,9631110
12687191,6892218
8858766,1760011
6741413,6803005
6741413,6694171
6803005,6694171
2854857,2978128
6337002,1686049
2065533,329837
6686660,2007920
6686660,9843612
2007920,9843612
115655,9713830
10489794,12302267
10489794,10059957
12302267,10059957
8248962,8690505
12544032,9803199
12544032,1718553
12544032,12330938
9803199,1718553
9803199,12330938
1718553,12330938
9155755,1683677
12842060,10600169
1742657,1390858
10009403,9976890
6968040,10550095
9269681,9554390
7818661,11989918
12106397,7601478
6947717,13782164
9627357,10184587
1337072,2817503
14053745,13810118
14053745,13881431
13810118,13881431
6538406,11797872
309215,2874784
3011080,3026149
12846229,13742275
12846229,13028786
13742275,13028786
5899493,5861449
10179287,6824833
12857232,983369
2222944,3320042
2222944,10560557
2222944,10078449
3320042,10560557
3320042,10078449
10560557,10078449
995245,8057830
13135098,7774733
9841190,3744443
8663305,7342566
8663305,8080839
7342566,8080839
6863991,5888938
2626947,2288651
2626947,2629895
2288651,2629895
12021562,12166242
10169103,9583426
10169103,9537915
9583426,9537915
13542645,724673
13148592,12626953
13148592,8909405
13148592,3186166
12626953,8909405
12626953,3186166
8909405,3186166
13785693,7085810
13785693,7066643
7085810,7066643
13899880,8446955
13229826,12315976
12139310,8420518
1894613,2970290
12528503,13083914
12528503,12820302
13083914,12820302
8665012,11448477
7285270,7251055
1000300,11874919
520393,6058179
790813,6045612
790813,7041022
6045612,7041022
2557785,8802815
8994216,3823125
8413111,8330978
10462973,1877574
164309,3621638
11917140,7693580
11917140,8351087
7693580,8351087
1983736,6568518
1983736,8376656
6568518,8376656
12079254,8032996
12079254,1017576
8032996,1017576
5960787,2223694
12666231,12579509
11617515,10216465
2621680,12727572
6145193,562172
6499776,11226809
7784512,3176892
1773216,13688446
1773216,1693346
1773216,3395450
13688446,1693346
13688446,3395450
1693346,3395450
6829519,9241139
6968423,13838324
6968423,13394580
13838324,13394580
6785210,13559230
1202870,1351094
13483674,7447002
5967213,470887
8952665,13548107
8952665,8897766
13548107,8897766
10836165,8809482
10267222,10170736
3335986,13015724
13521956,12724985
13536100,3232470
399847,9257305
10520838,947456
3904931,3904927
1413864,1373162
7020723,1045330
11745466,6464960
11894822,10944526
652904,6084407
1007921,8411257
2695287,7783415
8528109,8505853
8528109,8422352
8528109,7708994
8505853,8422352
8505853,7708994
8422352,7708994
12926553,3623533
12926553,2420048
3623533,2420048
10301138,144120
8267676,6341534
3570119,4168278
468951,674107
3839559,11420615
8533484,4085736
13617535,3284863
11261776,2197113
11670317,3096327
11670317,4112454
3096327,4112454
12508520,3620336
12508520,3182309
3620336,3182309
976825,11598617
6895294,12042583
6749252,6724085
6749252,5894293
6724085,5894293
12930388,13298250
7757336,11263250
10973484,3685292
10973484,10401729
10973484,10988860
3685292,10401729
3685292,10988860
10401729,10988860
11716270,11696989
7955799,8173653
7955799,8332953
8173653,8332953
7082495,8428365
694266,674067
2693890,5842843
9490548,12638109
1632272,7643576
1482711,7017327
7224106,7192475
7224106,7219592
7192475,7219592
11691467,2173848
3186622,221164
13931264,13819528
13500590,12763207
10119191,165699
13263109,11082022
13263109,3234730
11082022,3234730
218724,9869907
7573414,8611810
917661,7236276
917661,844436
7236276,844436
11251328,11863731
12702290,12306541
3682663,13114389
8003163,8735916
7506421,8783573
12787153,6738935
4094530,13510691
6302144,621714
8673849,9840383
8673849,6308303
9840383,6308303
13775392,13045031
13775392,12341265
13045031,12341265
6108259,7247119
6108259,11821688
7247119,11821688
3895748,3993096
12531114,8006416
9123314,377032
11225167,11578218
1352208,2226833
1352208,3666021
2226833,3666021
9304250,10592234
13726843,3047054
13726843,3048448
3047054,3048448
9537572,10518490
3831011,3835713
854247,7265664
854247,7265665
7265664,7265665
4006827,4179185
4006827,4169659
4006827,2968550
4179185,4169659
4179185,2968550
4169659,2968550
10842778,8874684
311865,2057857
13159913,13599304
6532662,3046792
10322974,2215461
13237889,141249
2195861,10024725
14047036,6990128
3322215,12652957
3322215,9654266
12652957,9654266
12090650,6327030
1713650,9899944
12708215,6622435
10678031,7757613
10678031,11367987
7757613,11367987
9705395,91147
2868443,3034312
2565944,13148759
6199157,6200427
9334980,3130335
9334980,10172202
9334980,3142597
3130335,10172202
3130335,3142597
10172202,3142597
3212154,13543288
3212154,3373161
13543288,3373161
6434989,6439790
6434989,6439783
6439790,6439783
9269275,9089075
2666562,2038708
8562592,2846074
1170524,13729665
12712246,3620089
8314162,12905144
8314162,12722768
12905144,12722768
9318088,8619983
9318088,3381190
8619983,3381190
9730514,9635821
578029,6141305
3302331,8060343
10048113,12713315
11310960,11203713
6850087,8809524
1374802,10569992
7227995,12086031
1489387,7051743
6651383,10375468
10305124,1424015
9934133,9863980
1538178,8097716
8062810,9634250
7634039,11618869
10570538,13359913
7889414,8043090
12529786,2399512
10384410,7737664
10384410,58133
7737664,58133
11886165,9378608
2376763,10952178
10345520,12947804
12930826,12503444
12930826,9331610
12930826,7768628
12503444,9331610
12503444,7768628
9331610,7768628
12551248,474376
12551248,5937743
474376,5937743
10386781,10070287
2569235,2688158
932884,8432249
8540149,8324114
3888599,11059765
11204201,11226252
2922358,2840617
13890658,1340329
13142403,12369254
13142403,2248566
12369254,2248566
7960451,4004389
3245020,12766404
6652984,13127166
6652984,6672730
13127166,6672730
2272126,10341258
9947083,3679288
3201382,9421884
3201382,10519015
3201382,9371985
3201382,10583505
9421884,10519015
9421884,9371985
9421884,10583505
10519015,9371985
10519015,10583505
9371985,10583505
9376723,13050242
11226351,7762190
13911374,13852394
7395057,7948079
2631550,2437367
1951981,1949660
1951981,11828266
1949660,11828266
3367972,9935994
9750737,3592772
9907254,3299591
9907254,6764751
3299591,6764751
9637282,2728073
12397053,8915595
10454379,9797957
10454379,1145368
9797957,1145368
9914723,9842898
11329892,1149126
12538295,3872103
13073008,6990096
7104919,8342272
13514882,3277706
6140615,581757
9603118,2164783
6152787,11843145
13546071,6518489
13546071,3706756
6518489,3706756
6142517,747919
6097593,3708943
13272815,9107370
6409630,10258183
11506841,3116749
8748023,378722
8748023,8833994
378722,8833994
6417309,11343524
11468759,10378132
11468759,520429
11468759,9338139
11468759,9221807
10378132,520429
10378132,9338139
10378132,9221807
520429,9338139
520429,9221807
9338139,9221807
8436438,868586
2016822,12387480
2016822,1970027
12387480,1970027
8791647,2326773
8039799,7076288
8331911,12826035
3551619,9705434
7038325,7096727
10339265,13153396
6639248,9222263
3034402,3839713
3201951,9747487
2360647,2735481
5905386,13286241
8898608,12739020
8898608,8979799
8898608,12671499
12739020,8979799
12739020,12671499
8979799,12671499
6543115,11401863
6543115,9086038
11401863,9086038
13062600,9356688
416666,7254796
13149514,6784826
13149514,13390625
6784826,13390625
6588335,7247795
9219468,13464062
13438053,8798116
6420267,11995146
6420267,7701334
6420267,8380828
11995146,7701334
11995146,8380828
7701334,8380828
8365798,4134388
12654720,8660627
10397053,10122045
919067,11379760
919067,11387310
11379760,11387310
12366377,3673035
9923414,95705
3616238,10402558
1802521,1275901
12648656,10830540
13392372,13234932
6252999,2693410
536912,9909240
536912,8290295
9909240,8290295
10058517,11172455
12045766,6490755
8885825,2420675
3555513,12822491
7200336,944780
7342937,13855498
12351842,13555753
1742965,9932594
1742965,9667486
9932594,9667486
9522965,13972590
9522965,13969232
13972590,13969232
8281036,8101015
8281036,3826613
8101015,3826613
9724426,10265028
9724426,3275514
9724426,3528493
10265028,3275514
10265028,3528493
3275514,3528493
1970758,11455241
7455438,7978354
7455438,820143
7978354,820143
2726218,1052842
2681135,2397360
2681135,2455508
2681135,11923138
2397360,2455508
2397360,11923138
2455508,11923138
2921461,4068247
10229970,3145550
10229970,10176488
3145550,10176488
3282338,13036250
1892668,9160274
7053385,8556844
7053385,7777643
8556844,7777643
7950680,858484
9818635,12721354
9818635,10678141
12721354,10678141
1429892,11564318
13786593,741260
11579391,1164736
6614729,11468211
186655,11136648
10990729,2079671
11982329,7996473
5873317,8806052
5873317,8862889
8806052,8862889
10363523,10062003
12861030,9217244
429997,436424
14143959,2876302
14182849,3915480
1695673,9702482
13786245,1212393
2135625,9520924
3344078,2476129
12713493,6721001
3013036,2931701
9001440,10088670
10986908,2393804
6859643,6851806
809660,7187744
14090426,8940892
7533716,1149824
3337233,6445751
9153796,337666
5875538,6718122
12740573,6791173
9545507,6894695
9545507,10169593
6894695,10169593
3841118,4168043
1049091,6331515
1049091,3381791
1049091,1387715
6331515,3381791
6331515,1387715
3381791,1387715
12282793,13076031
3336315,12299918
12657117,13237333
5842,118672
3944597,3102272
3944597,1760680
3102272,1760680
11915880,7753781
9160181,12754893
9160181,6618836
12754893,6618836
1160366,11290603
12626512,10413165
6998474,7970268
6741346,6731787
911940,13800926
408637,600480
408637,5980381
600480,5980381
580434,6065862
13723251,11771931
357735,8777941
10325470,2816214
6085226,532275
1386991,2238549
164996,1441904
11421294,2807472
8597133,11989536
10142699,1293262
281212,6581983
6298831,3834887
3174960,3736640
13224567,8666657
6242028,10539537
3266763,8664451
9560155,8952594
9267608,363535
13999872,6500612
13999872,10674964
6500612,10674964
1906313,1853758
12518653,6831728
6264155,2728393
813489,6131443
9295644,13478094
9180801,6280732
9180801,3696652
6280732,3696652
6502428,11762414
12741927,9473624
12191267,7910555
11469328,5901732
9429639,3372709
966251,1183603
12169622,7611070
2751680,9128712
12964688,2751524
12964688,9976751
2751524,9976751
6142643,11850014
2413236,6874906
2413236,3714397
2413236,10973225
2413236,2717205
6874906,3714397
6874906,10973225
6874906,2717205
3714397,10973225
3714397,2717205
10973225,2717205
10764730,13214813
10764730,2942923
13214813,2942923
12037802,7635056
13803581,3144446
6823005,12497968
13547328,3547411
9794708,9633968
13137646,3208560
7207780,10063200
6833506,13530145
1817173,11231071
8786835,5961743
8786835,8578715
5961743,8578715
2699063,8775325
2699063,10318016
2699063,2552578
2699063,10988519
8775325,10318016
8775325,2552578
8775325,10988519
10318016,2552578
10318016,10988519
2552578,10988519
3974984,13119801
3322736,9360463
3322736,9198356
9360463,9198356
9333421,6083782
13884766,13033178
8766462,609690
10001380,114400
9593096,1367530
9593096,2244246
1367530,2244246
6644780,13003322
7679767,12129141
11051199,4007904
6792371,12725160
6411887,13714669
926957,693668
6219197,1878579
10568566,10383959
10568566,10317179
10383959,10317179
121124,92419
2316180,12540654
2406626,3288588
6390110,7054397
12222741,12549728
7471087,11274137
3724152,2070845
997075,12155018
8979177,6607118
13936101,13872302
13936101,13865185
13872302,13865185
8372238,10986316
8372238,8071539
10986316,8071539
13152514,69174
13906554,13544578
12699645,13241822
12699645,12398528
13241822,12398528
12945817,3292452
13926628,13615347
12955490,13688950
12757824,9819521
305179,9087574
9981765,11795658
5906535,337361
14183213,14014530
579992,3051717
4185621,8625021
6412687,6394984
12718888,13922354
13909658,2609271
13909658,2465880
2609271,2465880
9265188,9338746
561088,563963
9180292,398869
70032,53464
279261,9276871
10799261,8755389
9332209,13178876
13527009,937734
9087708,9159951
2925872,11240532
2197374,10238998
977025,1084453
6917175,9800651
6917175,13281520
6917175,13327924
9800651,13281520
9800651,13327924
13281520,13327924
8462359,6375850
12113057,12023160
12113057,7034622
12113057,11947607
12023160,7034622
12023160,11947607
7034622,11947607
3754466,8979089
11638185,11594235
6904784,7664617
6133312,472343
6133312,618672
472343,618672
2020867,1652620
3340423,13269824
2807339,13266456
692430,13771014
692430,867751
692430,919306
13771014,867751
13771014,919306
867751,919306
11319229,9463876
10164508,11379156
8219484,6465133
6044122,6155402
3734715,12857539
9263924,248005
8793036,9358029
8793036,10316451
9358029,10316451
6031689,649704
3953716,4007946
10316096,10521484
1325106,9310982
1325106,1408660
1325106,9591413
9310982,1408660
9310982,9591413
1408660,9591413
3427462,9912063
3790450,8976290
3704554,3565020
9545049,6645830
9545049,9341273
6645830,9341273
9779225,4112877
9779225,3234474
4112877,3234474
12486402,5895614
12486402,10385361
5895614,10385361
7183893,808475
6285350,6291357
3025850,10687825
13103734,3391791
3246262,11928373
7581883,8664190
2697558,6272000
2697558,5843315
6272000,5843315
11999226,10566505
7947218,11942458
3729232,13557811
8874901,2275284
13561101,6778549
12485831,9899739
12485831,9839588
12485831,12944961
12485831,12723382
9899739,9839588
9899739,12944961
9899739,12723382
9839588,12944961
9839588,12723382
12944961,12723382
13162570,3889585
1388755,3784417
7938209,812540
11401864,11408146
262761,1074136
263098,1101512
11055053,1759992
8602289,8177553
12746166,6785823
3173259,9774519
13532897,6215425
2386116,6221787
5944058,991896
2611988,969369
13244365,3299871
1737437,13371129
7354792,1013014
9616945,8027700
9616945,9571868
8027700,9571868
6111813,478911
767160,6023633
3185809,3142978
3185809,3603018
3142978,3603018
12757618,9045937
2006015,336860
3109764,9378017
3240735,13887308
7894737,1090096
683957,6173481
13350983,1758683
3703290,9731735
8797188,8830509
10355508,10466037
7958389,12099163
13176106,1710460
7996849,12239996
8490726,12190656
2244272,10986733
12061651,7408242
7003940,2662895
4169977,4046884
6106412,675049
7318224,12126563
2173303,12717890
2173303,1375057
12717890,1375057
13260447,293357
13048660,12908660
2878768,471912
253960,2567083
8930105,8978069
8930105,8909292
8978069,8909292
946515,7494278
9666566,812211
9666566,806063
812211,806063
7843976,12031080
12955683,9472410
13015274,6751086
9218448,6822721
6753247,5883699
478316,5997216
10303853,9364427
10303853,2628079
9364427,2628079
12398409,12339358
12398409,3571794
12398409,3287579
12339358,3571794
12339358,3287579
3571794,3287579
3950329,12646038
12910341,2662061
7186968,7184994
6757608,11502877
3284702,7123957
8608098,12618050
1492859,8289468
142052,10565512
11424754,11401927
556163,6025040
9292847,356391
1019278,12919754
8018256,1148401
8018256,946778
8018256,3272933
8018256,1183501
1148401,946778
1148401,3272933
1148401,1183501
946778,3272933
946778,1183501
3272933,1183501
446954,2739624
8069344,6819693
774842,7973420
12154135,7399387
6554710,6008814
11331426,8075411
6118155,6162724
6118155,11413979
6162724,11413979
10497395,2181611
1533966,8066570
13516814,12069398
3178440,13008323
6840376,9537543
11116285,11153284
1973334,1948306
1973334,6055239
1948306,6055239
6737166,12294455
3764735,9001118
1374072,9613154
1738110,9632833
11118779,3986324
1079727,7683691
1213323,1493678
6816489,13586681
652315,6020752
9092123,9341079
9092123,9290983
9341079,9290983
1074431,8666419
11285908,11213386
11796509,11767223
972331,8493367
12756112,2581809
857974,859222
12491418,12763838
1428141,11299428
1428141,1744811
11299428,1744811
12157526,8049176
11892118,12521690
3692934,13283985
2559901,9525497
3336081,9726471
13756912,7304109
13395522,10316991
8534076,12007050
12846569,2138951
2125590,1696687
11658208,11107293
13540698,13625461
446565,13103940
8400514,968300
1521320,1827126
10866501,12003450
8080689,3694633
10043288,10598548
3339425,12507300
6532195,13794847
3908882,11669871
971396,7861332
11649975,11587859
11649975,1016309
11587859,1016309
2357599,5859540
8898687,3792810
11832540,10625448
3211302,9864338
12399252,8561182
11067654,11075015
3726842,9809969
3726842,9198122
9809969,9198122
6797891,13094593
11112236,1441485
11112236,11034554
1441485,11034554
6475258,1488077
3823274,8993443
13676238,11883047
3773900,3811537
10985979,2750932
11470772,10215675
11470772,9443303
10215675,9443303
2995016,2535429
2995016,10756550
2535429,10756550
4084404,4178564
8564392,12125158
8271678,6500256
10667243,611011
5863577,3713045
10588761,2125287
12346722,5850163
7438611,12515528
11565102,5862533
10317458,12641903
8380819,1448872
8695897,6456243
6044890,1371028
301519,9120025
10583799,14079437
3795934,8908980
240860,13037199
240860,14078127
240860,10357894
13037199,14078127
13037199,10357894
14078127,10357894
10961769,6247661
8558052,7001496
6440860,8325872
6440860,7479490
8325872,7479490
6835378,2135109
6835378,9041396
2135109,9041396
7632035,4085876
13516351,3759914
3844187,10851457
464777,632940
731041,677857
7631249,11997546
943314,7479516
12715359,13621130
12715359,12921423
13621130,12921423
6065179,473021
7003217,2007791
1470869,1448998
6830764,13104451
6830764,13161391
13104451,13161391
10038840,2225058
9729635,3264149
2878074,338635
11172152,6213145
11172152,10735626
6213145,10735626
3760070,9020170
12507654,14045780
12507654,3287791
14045780,3287791
3176764,2451253
8342298,1131678
10859928,13740356
3075690,6336957
13558906,9343413
13558906,9215700
9343413,9215700
8327063,12187342
475040,1791504
3900284,4171743
1764234,13317126
10463719,10522743
10463719,10600897
10463719,8914579
10463719,8909536
10522743,10600897
10522743,8914579
10522743,8909536
10600897,8914579
10600897,8909536
8914579,8909536
13489670,12819023
12137286,12021773
12137286,10417310
12021773,10417310
12124286,8331010
14046732,10341191
6063585,6568978
2212994,10476566
573334,8661363
166944,1433927
2723606,2066534
6755369,13515231
682929,6112520
1144133,7884483
8536075,8464582
6024883,10627623
3556787,2378216
3556787,9108653
2378216,9108653
3695672,6305423
10785822,1166847
6795296,3319995
12802944,10201596
2461386,13723012
13128938,6783917
13466872,382190
13843263,6957635
13843263,6997105
6957635,6997105
8772052,10381133
9682033,656573
10635875,5948362
13151622,5908299
1674273,905008
3099119,3948151
1988728,13537250
8801171,11368377
7022648,7082720
13258151,3372209
8537787,984576
11296666,8569706
11296666,10837534
8569706,10837534
10778919,649658
7726699,12287842
7835006,8710047
1182769,11329748
1949547,7758447
8933494,541619
431071,417231
13947036,14179641
6885620,8861180
1166889,7981226
8438831,199726
3992765,6376559
7716249,7972638
11492605,114857
2893363,2396335
2893363,2960573
2396335,2960573
8353257,7871103
8353257,12743259
7871103,12743259
715860,6074489
11658786,3095674
2711284,9316054
6788846,14075903
11637169,8065908
499515,6145046
10230289,10211384
12010823,8615915
6112012,7186718
6507475,13140689
6507475,12676928
13140689,12676928
11253186,8029095
9217501,9111856
9217501,9046619
9111856,9046619
13542516,1743048
13542516,13267520
1743048,13267520
3343390,3381101
9684243,3369366
13995126,121049
7719878,8620744
6087393,6110693
12561570,3567721
6044252,559411
6257881,11609272
1527518,2614448
12736797,1089911
2115197,2235839
6318159,1452262
6318159,983235
1452262,983235
714828,872666
6396454,11967194
6248963,11457144
7198429,10320132
7198429,10495465
10320132,10495465
2006585,11042723
7368190,12102962
13253119,9667135
325948,1158676
13277585,1717707
13171144,12759007
13171144,13274796
12759007,13274796
13130849,6328574
1068236,8570013
1068236,8370910
8570013,8370910
6842395,9532921
12914016,7991105
6787816,11463227
517143,9844538
517143,9779450
9844538,9779450
11454014,13567330
11454014,12941882
11454014,13253703
13567330,12941882
13567330,13253703
12941882,13253703
3667081,9799622
9380230,9518716
13224290,3620179
304579,10186647
1320062,10578795
1320062,3086988
10578795,3086988
10206079,9084540
13014869,3876258
9728760,3490579
8703745,935492
10806806,2929683
10806806,10735083
10806806,2869749
2929683,10735083
2929683,2869749
10735083,2869749
6284216,2284240
936894,13088618
7717868,8070480
9652213,8821854
13034541,11710822
13034541,11702377
13034541,3244981
11710822,11702377
11710822,3244981
11702377,3244981
3350055,3391665
12603628,6763232
7067696,7287728
6756192,13028618
2017474,7445725
2740827,10115813
844536,8340293
3802081,8918018
7653608,4112339
12936328,10106324
12936328,10115678
10106324,10115678
3687801,3559093
3687801,3266130
3687801,3266102
3559093,3266130
3559093,3266102
3266130,3266102
13229416,1766732
11973233,9793333
2003048,1999432
1433907,113497
1016538,291904
203150,10746155
3171536,7987260
11915483,11469046
10702645,2958731
10701961,2883785
4147835,3974735
7967263,3304615
2190674,2116183
2190674,13532043
2116183,13532043
1156892,11366770
6493375,8644315
1821306,284343
11358768,1130665
1239494,1287743
8736100,8755746
8736100,2279218
8755746,2279218
8510521,13025214
1691127,9726589
1078710,7422699
9935166,11769321
9935166,11728633
9935166,3355078
9935166,218825
11769321,11728633
11769321,3355078
11769321,218825
11728633,3355078
11728633,218825
3355078,218825
8491056,9913689
2465911,2537030
553918,9953254
4038584,11772197
698711,6030752
3451861,3287837
12948860,1395176
3098929,3012600
3098929,2966078
3012600,2966078
10524407,13168329
10524407,11919178
10524407,6264233
13168329,11919178
13168329,6264233
11919178,6264233
13071002,7953461
10577388,2225181
8998356,3785091
2815901,7342567
3261853,13144284
1133988,1016905
1133988,8069936
1016905,8069936
10052584,10071626
10052584,7158319
10052584,3697830
10071626,7158319
10071626,3697830
7158319,3697830
634622,6741002
8879075,2511854
12613672,11955020
12643538,10054290
990889,8305209
11379148,85518
2339896,2468863
13035967,3290092
3208669,2056939
3208669,2084445
2056939,2084445
13180667,12385531
3816330,2431728
3054776,9357128
10856106,10855453
12836000,12807391
8310131,12073945
10138362,10129654
1633076,11278534
11880435,10122537
10732073,2933471
988902,11252654
12670281,3243647
9864852,9930730
9864852,3562567
9930730,3562567
7899584,9215290
3191695,13256022
9386960,11175867
8513578,13562609
8935054,3816453
2454513,9916390
2454513,2698108
9916390,2698108
7201112,11178066
7201112,10327227
11178066,10327227
13743126,11397295
13743126,612773
11397295,612773
13256974,3393652
13523323,6608501
3366209,3178787
12312321,12936205
12312321,12836086
12936205,12836086
8307280,6532758
6492473,6455296
6492473,9114015
6455296,9114015
13954297,8515629
9638282,3238999
9746230,9910304
13020061,3171777
7984725,6337439
12181944,7474154
7179157,701068
6550195,11805396
1510956,1466819
13145288,2174632
7271610,898174
7271610,1189350
7271610,924370
898174,1189350
898174,924370
1189350,924370
3953088,3732083
3953088,3673839
3732083,3673839
3994869,3066117
13214707,12289907
13214707,12903558
13214707,10059228
13214707,10043776
12289907,12903558
12289907,10059228
12289907,10043776
12903558,10059228
12903558,10043776
10059228,10043776
8912652,6172769
4156763,11107420
4156763,2983939
4156763,3944438
4156763,11146011
11107420,2983939
11107420,3944438
11107420,11146011
2983939,3944438
2983939,11146011
3944438,11146011
8197154,7019771
8886558,10834092
13087447,1107103
7001172,3885451
8839852,3391650
2406049,2406558
2406049,2358848
2406558,2358848
14052017,12820943
3907258,8189182
4073555,3257343
12623642,2465540
12623642,3352515
2465540,3352515
2564429,2327960
12737545,13220601
13818457,14043000
13126278,10493528
11588229,12141196
11588229,12115942
12141196,12115942
12414908,9540847
3274304,13135749
13366629,9957548
12041111,7889589
9365495,353799
380728,1488627
380728,1266614
1488627,1266614
631681,6103547
7776368,8343698
8806692,2564528
2001038,8036438
2892533,10767036
9388185,10598637
5897672,2734840
5897672,13188446
2734840,13188446
9528915,12856112
10401449,2808837
10936102,7977196
3232112,13040939
7654148,3725724
7261567,7246686
2144982,9332569
10009386,2202048
10009386,2206500
2202048,2206500
13023411,2263286
1492263,1811539
1598923,6296784
846580,1229274
3009427,4049018
11191877,11347699
1022347,8227067
8644172,2407866
634097,11422870
559208,10742587
282434,9084186
325371,6013911
1652973,3088816
14065652,8967917
585955,724443
697326,6109567
960566,11654931
6014101,1404740
9199737,9137590
13226787,13974044
13707841,2796507
12538697,3361855
10948486,10986684
225570,1729913
9436981,2152269
6303760,9436634
6303760,1950356
9436634,1950356
1089219,14156352
12700701,12662803
12700701,3721136
12662803,3721136
6586598,852375
1859548,1903142
4107828,4175785
3881524,11675554
6510129,6532748
162402,22467
6351942,963606
12715739,12340214
1542789,1656801
1542789,902838
1542789,1640475
1656801,902838
1656801,1640475
902838,1640475
8310047,1144394
760967,2843723
6620174,3687583
790076,6043984
12753691,12555645
12753691,12942129
12555645,12942129
9546744,6838338
10724681,1752844
3548761,3700164
3548761,13503216
3548761,7224146
3700164,13503216
3700164,7224146
13503216,7224146
676200,11841727
9068448,2052849
3340181,4108048
3340181,13223320
4108048,13223320
7209825,11763537
13792997,436485
13764206,7507759
13764206,11975835
7507759,11975835
559775,577999
559775,494870
577999,494870
190708,1426289
2809640,9597191
6909311,6897180
7765089,8016284
7765089,8021404
8016284,8021404
12415680,6640517
12742505,4011594
4040249,3888567
10103623,13266955
762832,7127965
762832,477715
7127965,477715
3041410,11344407
8825635,6876070
3006676,402300
9115761,10820439
12338072,12337734
12338072,12659154
12337734,12659154
1718735,190055
1718735,9699572
190055,9699572
3715583,9820458
2577880,2581542
2577880,2339018
2581542,2339018
8801244,11558166
11245076,3383505
659435,11831608
13699640,7481987
1700978,8389640
3351774,3624867
3351774,8649985
3624867,8649985
6955796,6932891
12975935,8499991
11627144,8739823
6262784,6268732
6262784,2629780
6268732,2629780
8713087,423765
9153369,11561311
467615,7115080
11641719,2226635
11641719,10440063
2226635,10440063
1776041,10318448
8049368,12047635
868092,793920
6464749,7952628
6662247,6654786
6662247,6774199
6654786,6774199
8670293,12031599
8670293,12071160
12031599,12071160
1453115,1654467
1167139,1058370
1167139,1167168
1058370,1167168
2784794,10012420
3906368,3078476
6576296,11815206
9958991,3264545
9958991,9189340
3264545,9189340
12647436,14043401
10643986,7659605
3262976,9934061
3262976,9681946
9934061,9681946
513121,6148908
1027663,11354349
9867461,3393869
10215779,2369984
11815142,5965681
10948799,11012270
2765704,2789287
1951584,11394293
8987771,10524172
881642,786320
881642,7039252
786320,7039252
657136,7157957
11895585,10968096
11895585,10949015
11895585,11920015
10968096,10949015
10968096,11920015
10949015,11920015
1050421,11624797
10569078,10529818
10569078,9084528
10529818,9084528
7775588,1133569
7775588,11236965
7775588,1177626
1133569,11236965
1133569,1177626
11236965,1177626
8716921,415007
9774786,3372773
9774786,13384278
3372773,13384278
6416956,11274435
6416956,409175
11274435,409175
11509931,11490975
11509931,9684150
11490975,9684150
9089872,9200295
11588456,12170002
9969299,2504421
9969299,13547145
2504421,13547145
2769442,2744132
2769442,1303429
2744132,1303429
12815734,2402481
8748527,13243973
1754876,12852004
13061165,3694341
8353490,9979235
6732468,6848556
10321861,10596306
10321861,2017529
10321861,8289826
10596306,2017529
10596306,8289826
2017529,8289826
403781,12033059
11978847,7991673
5902620,10275404
12633055,11820958
8915817,12764960
10140739,7890583
942611,8421973
9432347,9539146
3585046,9115800
7779320,8409996
8030912,6414548
9935273,13143151
9935273,13506147
9935273,3400315
13143151,13506147
13143151,3400315
13506147,3400315
3843199,13032062
672472,6126585
3836302,13170096
3678589,7127081
12407880,2171566
9908822,12917654
55722,6878664
55722,12323485
6878664,12323485
3684626,3698626
3884982,9273213
3884982,10578504
9273213,10578504
228815,9349150
6890631,13279166
1526364,1453979
9115853,9191210
9821834,8464209
9821834,8276218
8464209,8276218
9958439,6440944
3718716,3287380
5903532,6865291
6154279,6111281
816416,13689017
874945,13742475
13194858,13102685
11945812,8056425
10357656,11343856
9884860,12812854
11216826,11615054
11216826,1127647
11615054,1127647
224968,3715933
10122127,1876695
8008035,8049706
12302842,12620445
12302842,12534355
12302842,8375763
12620445,12534355
12620445,8375763
12534355,8375763
9819138,11488532
1435646,11083180
1435646,11057469
11083180,11057469
540484,6142818
1287526,1267069
12624789,5899384
10950068,10986386
11651236,11654687
10419583,7215033
13043040,8969058
10221011,10236169
8936559,3757831
8936559,8949683
3757831,8949683
12761202,7472535
11043514,11347229
8361577,11974859
5965515,5968094
6556891,5985048
2969222,3036429
3101894,2819639
7999709,8529932
9579829,12195166
9579829,4186888
9579829,12337728
12195166,4186888
12195166,12337728
4186888,12337728
10568768,2173507
7052021,1967034
7052021,7106500
1967034,7106500
1401011,1388125
9589555,2121722
8532732,6564826
10604060,10390469
12805624,6611046
1697825,9676083
13775630,5930991
2562602,2661520
9630607,2226408
9901547,13140339
12906280,5910061
311492,10363560
311492,324256
10363560,324256
163349,3187376
12283368,6795848
10343373,2514742
6236722,8569738
2877243,3041691
376639,10834808
7075488,8596297
6240958,6254040
1178747,11627973
1320686,1404898
2342598,11529402
13420294,1318030
13003525,5852264
2788256,10138013
3918787,14173567
3581006,12729733
13759928,8359790
6268304,3497692
7339327,6767332
489717,603572
489717,518219
603572,518219
7893288,8308603
3143042,3137759
9655941,3264596
2010358,1967727
1217245,1553236
1688714,9850157
4011836,4068223
2392801,6746473
13729443,13791963
4176963,14168893
1267998,1656148
10979176,10949741
10979176,7998298
10949741,7998298
2048840,2047934
6003044,6543179
12318425,10507761
5846128,5877007
7434898,10219507
7434898,3119649
10219507,3119649
9976436,8675270
1723686,1583
9482888,6062853
1499022,13730910
13910824,13929401
12038293,8083000
10033710,10342170
9690056,12412452
9089705,1412969
12236375,13048350
430768,415006
13010998,13658051
11328355,8649935
12635117,12337386
12635117,13708061
12337386,13708061
13768050,3529823
12821223,12710174
6074970,747521
3623800,13162679
13067090,3729472
12166964,3950186
3051891,3053823
8740662,10831219
8740662,12932571
10831219,12932571
12041789,7808472
14077557,1359900
1988290,1950793
6939312,13508641
2769627,1298374
3120544,9481522
3120544,13887600
9481522,13887600
11641460,11190628
7540314,13785200
948059,11298432
1433610,9913520
9356697,12521925
12961007,12497669
12961007,9726126
12497669,9726126
145851,1427940
8992826,3790781
9594639,2955652
227508,1208865
227508,1790819
1208865,1790819
860023,1213680
13216146,8488765
13216146,8422578
13216146,7994088
8488765,8422578
8488765,7994088
8422578,7994088
8716755,8446754
3790719,6209300
8543906,9246140
2363764,1142731
11706338,3940167
6445661,1259547
10027330,6610783
5942355,5963289
2774390,1419050
10362013,10493008
13699538,10830559
13763932,6053346
363360,10537650
7770271,6462329
8923292,9397920
1271980,1652212
1271980,1287536
1652212,1287536
9706312,13030696
12903604,11540725
12903604,13385522
12903604,12519237
11540725,13385522
11540725,12519237
13385522,12519237
13790027,6884895
2748385,2805505
2748385,2817616
2805505,2817616
7146475,1430622
6687562,6693181
3904957,1417332
3904957,10274227
1417332,10274227
1174634,3312777
13025402,2091938
6014398,2744069
10830483,10857409
10830483,10859946
10857409,10859946
11861222,6143440
10775528,2853402
2277061,5930408
9362721,2696998
9362721,2626357
2696998,2626357
7106213,9800910
5884437,11514508
5884437,11467995
11514508,11467995
5881003,6652394
3093899,1540613
13537681,611754
5840821,9112105
311643,10209711
6025520,790033
7498182,12821705
12516349,2854215
3289414,13261762
3789450,8926361
656175,9794549
9151015,9504952
11783994,14174705
3633754,9893198
6573087,2395235
6573087,2626522
2395235,2626522
3658882,9382918
1325030,2237792
1771335,9634559
1771335,15537
9634559,15537
7932004,12146950
6906376,8851593
3260605,7457074
10440470,2119467
8309154,477284
13523207,12834615
3285930,12408114
1017051,11288105
3303380,9831538
9760941,8650498
7113331,9442561
8647952,3317325
11711191,4176781
6623745,6689731
425406,8867383
1424633,212788
3698356,13148231
3888113,11756564
4000066,6377176
579442,6185560
3541367,13163295
3203703,12288067
3203703,3177287
12288067,3177287
380090,8596969
9724393,9865804
9724393,94420
9865804,94420
1681327,7063062
3323618,8451255
7337745,1547140
1086776,12189532
697309,875824
13270986,13285857
163466,3520959
14013396,13957457
14013396,14013397
13957457,14013397
12510479,3521904
11263275,6459856
11462762,2359864
10655190,10739421
8506411,158036
2772383,9851613
8116329,6371789
8923558,14043919
8923558,14131708
14043919,14131708
4179172,2983493
4179172,13301942
2983493,13301942
7305376,13718367
7305376,7300610
13718367,7300610
6570366,5961120
8627351,13189949
1542466,1989009
9327209,7019608
9327209,8254593
7019608,8254593
8830485,6856712
9936176,12285841
9936176,3351987
12285841,3351987
5955098,540031
6163134,6185440
1656313,7885295
13628778,8426880
13125274,13163864
6033723,6110694
12853521,8942848
13244961,8602245
13244961,8392027
8602245,8392027
3710632,434668
9702614,448724
9702614,3238968
448724,3238968
8333197,8446407
11447579,8051940
8423499,8604153
8423499,7397510
8604153,7397510
1319910,9556621
1319910,9534177
9556621,9534177
12211201,12215438
7487872,8502005
13631583,13659251
8198900,8506358
11723716,11778476
650304,11874813
650304,13710489
650304,11870336
11874813,13710489
11874813,11870336
13710489,11870336
10078323,2223395
12821923,2701439
12821923,3810469
2701439,3810469
1749957,13226442
6132715,13291780
10735266,3021620
3699592,2361978
3699592,3176236
2361978,3176236
11449075,6601835
3422092,12836052
1413843,9557926
13132408,13302658
13132408,12622438
13302658,12622438
10068227,10601787
8172817,7002934
7602255,11945138
12317142,12104144
12317142,4073741
12104144,4073741
6002875,10033878
657834,702757
7437344,12005867
10400866,10034431
13837034,13816427
13837034,6287229
13816427,6287229
1346206,5878189
11288024,3066600
1830636,13718364
12823875,6791264
7070080,1603767
9069316,12051293
9069316,7711048
12051293,7711048
619573,5998537
10143698,2774588
10143698,2755109
10143698,10097064
2774588,2755109
2774588,10097064
2755109,10097064
12764767,10683818
1453427,9889504
13792943,9067471
11559021,11544310
1958042,1982684
1958042,2247600
1982684,2247600
11960599,7395743
6507041,6525889
6507041,13692948
6525889,13692948
2595546,11480554
692212,677363
12545409,12543046
12611520,13777462
12611520,3396132
13777462,3396132
10689379,10771630
7962062,3011721
9989193,3276503
9877999,1687784
13127625,12863063
10325071,2263860
10325071,6980071
2263860,6980071
10252395,2777570
887387,1199603
1778711,6761855
1778711,9667236
1778711,9936191
6761855,9667236
6761855,9936191
9667236,9936191
9409621,9397835
1381584,1394582
1381584,10408103
1394582,10408103
12755512,2449505
7068319,7787925
12533919,2151791
10232073,1358178
10232073,9043845
1358178,9043845
5969577,7106895
14088430,1346123
7897007,1073739
7897007,7951753
1073739,7951753
9450269,11042549
2746782,10106188
12955146,12928806
6962313,6973789
6962313,6942545
6973789,6942545
12921254,12618885
12921254,13392470
12618885,13392470
14044534,7214643
13168901,3779585
6695100,3032716
2549721,2522184
2549721,9087298
2522184,9087298
7198421,10048089
10394658,4010330
10394658,9862106
4010330,9862106
7211670,6726679
7211670,10420226
6726679,10420226
6740162,12415626
10140262,10240496
573174,576999
573174,6140923
576999,6140923
6728827,4082268
3795261,6780421
10635302,6149151
2391427,10987650
2391427,14061774
10987650,14061774
10931036,2825396
8418760,8695068
10663288,3100035
13688380,2349417
6155978,624146
6087261,697386
6087261,6163424
697386,6163424
11448724,653652
10220972,9180287
10220972,10260861
10220972,13197127
10220972,9490791
9180287,10260861
9180287,13197127
9180287,9490791
10260861,13197127
10260861,9490791
13197127,9490791
13767171,12918394
12734567,3309828
13125637,12623567
3314006,9678847
36542,11093833
8758126,10735056
10742794,2349850
10742794,12367690
2349850,12367690
12295525,13107591
3116736,12669031
11771096,6466057
13531250,3713094
13531250,12398803
3713094,12398803
12514651,13116632
1326844,1413622
1326844,9612118
1413622,9612118
3381119,9769629
12637051,13907133
13086997,3269080
7419929,12015101
1741869,12434062
10775536,10444742
1597872,1805459
1597872,1500540
1805459,1500540
14179636,3100362
2727443,9075492
9658182,2935308
10366228,9727331
5856215,4085663
5856215,3016112
4085663,3016112
13141443,13619752
12663982,12553599
12663982,12334059
12553599,12334059
3452689,13152240
1163404,9674846
12734525,8086708
6990833,1374509
12942988,9011147
3226470,9984108
2488829,10151017
7842915,12163825
13040076,9667598
1787613,6357465
1787613,1783705
6357465,1783705
2979592,2982403
1466545,6327352
7276557,525040
13123899,6647613
190197,9289123
190197,11697147
9289123,11697147
11107873,11131914
8633202,7858867
1095890,7509695
9106368,11851153
10808159,10821124
2352992,2417846
9701910,9890457
2677850,9699363
116295,1441873
8449092,13129541
1101548,1017795
10457571,8099122
9142137,294114
6832239,1413863
11036096,198527
3566663,12602527
7735208,14150906
7735208,8038100
14150906,8038100
13441228,1415060
2636406,2580983
3384800,12832245
3202154,4088710
12654639,4180453
6154284,3147447
6655356,12339397
9332272,321140
13778626,5991759
2714002,6797996
5853301,9215866
10566831,10452532
2088831,2048663
3779614,3798953
3779614,3775597
3798953,3775597
13143396,2369461
13143396,2397946
2369461,2397946
1469201,1793005
8281421,10675616
8441531,6467094
9990354,4073269
9990354,3727909
4073269,3727909
2062567,2068425
2062567,2097301
2068425,2097301
12832674,1699946
3754166,9010433
11451780,11416981
11226820,13088610
11226820,13168919
13088610,13168919
406501,267496
792631,8717816
12013839,13501450
6196932,9391928
11470548,3159457
2930495,10765139
1887912,10255317
2372488,2552500
11297689,788286
12838218,13488671
10220773,10196566
13817957,6759269
9039583,2075826
9039583,2039182
2075826,2039182
12226738,824534
2268687,10567194
7635307,9248974
7978500,9843157
474129,6551860
11644754,7983810
3799011,10447154
8962542,8959489
13512111,6999186
894800,1599843
9248141,13529231
5941860,7184458
13485360,9342650
13485360,2633525
9342650,2633525
11369192,6421697
11217705,6358963
12666895,2893583
2137867,8579378
12038372,302467
12636989,9064804
13275887,9820007
13275887,1395430
13275887,1386684
9820007,1395430
9820007,1386684
1395430,1386684
1177840,11299060
9478278,12659170
12469293,9063800
9468269,10014891
7403631,9838939
10796239,2866997
2146205,10180922
6352534,11218481
2997125,8758288
7619631,7785271
7619631,11945679
7785271,11945679
6724474,6769191
2306532,9129397
12325272,1719246
4038760,10709518
9746226,1736985
9746226,3721248
1736985,3721248
3981697,4117135
3981697,937198
3981697,12164171
3981697,7447744
4117135,937198
4117135,12164171
4117135,7447744
937198,12164171
937198,7447744
12164171,7447744
7907335,6120174
7907335,6149100
6120174,6149100
3549693,11409995
3549693,11438796
3549693,3879306
11409995,11438796
11409995,3879306
11438796,3879306
5997870,6010633
5997870,5967595
6010633,5967595
10151222,2110465
10151222,13652234
10151222,13636255
2110465,13652234
2110465,13636255
13652234,13636255
9708063,13240807
9708063,12910754
9708063,12380738
9708063,9675226
9708063,12380740
13240807,12910754
13240807,12380738
13240807,9675226
13240807,12380740
12910754,12380738
12910754,9675226
12910754,12380740
12380738,9675226
12380738,12380740
9675226,12380740
13958801,13945850
13958801,13792659
13945850,13792659
9752396,67314
10124180,10252420
479168,5985357
6831286,3353523
760419,13695969
1106714,1122099
13392646,556377
11033598,10807395
8741916,10837163
10200132,9600918
8620263,8413327
11319294,11609836
11319294,11193029
11609836,11193029
298244,10989850
298244,9063187
298244,9081849
10989850,9063187
10989850,9081849
9063187,9081849
6129711,451599
6553222,653735
13657428,12203198
6164234,5991320
2375404,11522048
745781,537328
7444690,12079347
8767239,11382045
13677919,12546944
13677919,13504754
12546944,13504754
1741209,10733319
8345472,1088742
3384698,12822838
3195426,9638478
12739881,3176543
7791685,3555055
10379780,8915948
9752959,9726571
9752959,3678119
9726571,3678119
13515666,2490926
8489403,1011850
13034699,13730140
8632246,3717241
13544719,3344615
5884519,2512675
3768537,8946539
14147225,11786162
13561497,3267684
13561497,12633420
3267684,12633420
11772613,13995127
13880633,13850806
2323449,2543311
9157516,12400556
9157516,5887513
9157516,13718946
12400556,5887513
12400556,13718946
5887513,13718946
1766672,1071909
500650,556746
500650,6541719
556746,6541719
636901,1742815
636901,3682302
1742815,3682302
11214611,11298698
1019277,1158873
1019277,7956067
1158873,7956067
6376565,2970365
13487029,6765346
12776706,4086982
2233962,12820200
2233962,12530388
12820200,12530388
14017751,11726046
12920932,13027234
12920932,13374452
13027234,13374452
1545504,436248
1545504,2012359
436248,2012359
10929729,9978091
3186525,8691031
3186525,7755690
8691031,7755690
7387618,1451618
7387618,11966798
1451618,11966798
3542980,12833790
12301459,6788454
6226402,2352160
14116468,3753014
6358413,7106455
6358413,1598228
7106455,1598228
7922779,8661570
7922779,8490988
8661570,8490988
11327640,11263890
11327640,11263889
11263890,11263889
7946391,500376
9377149,9526747
473070,6523342
8361050,1179026
13740661,2805901
13740661,10584002
2805901,10584002
11968969,7938850
943564,11367789
13152800,3988902
11113999,11083531
3539795,6343377
2614989,13114558
202521,8402638
7900534,7460997
2161729,9288494
9729641,2370497
7991494,10361563
1211070,1204691
11861351,11851029
7430784,7033843
12549211,12330392
12549211,12988066
12330392,12988066
3127469,9571737
6780134,13270900
555593,425304
1052878,8659990
1052878,12016461
8659990,12016461
810052,13527113
1619930,10666349
6833043,2176738
11193755,997873
13663090,11790890
1702536,3183895
3085467,3961502
9746181,3843637
9746181,789106
3843637,789106
2012751,6289664
1400692,9518134
10453402,9083350
10453402,344106
10453402,11916991
9083350,344106
9083350,11916991
344106,11916991
6106547,647752
12617154,13972174
12324198,8531947
11867508,8843602
601213,664293
7610123,8540188
7610123,6334819
8540188,6334819
13917227,6644789
6719685,637189
7073587,8210564
12136523,8320956
12811243,13217636
12811243,13522938
12811243,12340085
13217636,13522938
13217636,12340085
13522938,12340085
8320037,6374470
9319284,10187357
1094686,1053624
8641436,2718439
11152042,11146706
1365014,3392264
12294088,12523164
12294088,12512074
12523164,12512074
3894548,13220883
12317141,8629065
1639996,858609
11536036,13864579
6582104,2084937
1215671,1491654
6220660,11566927
11553220,294319
489874,537428
4176954,11286838
6963340,6932976
6559193,7147996
9402339,8932467
13048064,3737184
10410663,9456274
8217017,8432792
13138006,8002330
10838462,8815955
12909240,13971170
12909240,13957572
12909240,11785207
13971170,13957572
13971170,11785207
13957572,11785207
13264527,9378947
1347294,2246573
2736370,9215253
199648,71124
8282901,1143263
1207595,1208510
1207595,1225738
1208510,1225738
6151470,744165
2393270,2567801
2393270,2367566
2567801,2367566
11089123,8034142
2800908,8923460
121600,180149
121600,4085478
180149,4085478
1467203,1194406
11623173,11599601
8089910,7742896
11785108,13998348
2654569,8702617
6396620,1134568
11366437,10445355
3010939,3884036
10415043,3239581
9654436,1749579
9654436,9808532
1749579,9808532
2629607,2552495
2629607,6253084
2552495,6253084
2450273,13675962
10383879,10559233
12938899,8335525
12938899,514317
8335525,514317
3374947,12256105
10722915,10678238
13734646,1148327
2052834,2038090
1805240,9019710
292823,9207627
9652648,2530100
9652648,12937433
2530100,12937433
13038399,10324488
13038399,3724900
13038399,896581
13038399,9772236
10324488,3724900
10324488,896581
10324488,9772236
3724900,896581
3724900,9772236
896581,9772236
6633738,12507234
13024138,6997950
9005390,10129923
8925124,13267497
7581036,969593
11255716,9936298
697446,12508277
7982478,8521870
7982478,8255298
8521870,8255298
1319224,1342382
3697284,12529865
6865462,9363665
1164075,8232073
497691,829312
11153680,11032678
11153680,11154988
11032678,11154988
1180788,7323935
13873467,910336
9134674,3248237
2797511,2803843
13506078,2152233
741279,6133153
741279,533753
6133153,533753
13092354,7168685
265645,6052374
265645,6064354
6052374,6064354
10220139,9169588
158319,9655308
9753093,148884
12753868,3554597
12753868,3695877
3554597,3695877
3012321,3853547
2968549,1402614
13842410,12544233
2623328,11566856
341179,8892789
8627825,1009693
8516538,8370505
8516538,7464045
8370505,7464045
5955468,6007424
3358161,12372347
1790948,1810649
8257512,7944412
2720512,6228041
11032993,11664963
3354008,11213130
13082917,6642076
9372890,9048849
9216042,13393424
3699055,13023922
5990562,5971067
3362004,13124010
4088293,9416895
10575459,8910365
11398449,8247946
650917,493928
650917,523188
493928,523188
6968916,6970510
9795043,3514156
8557861,12566426
12000997,7340626
7471757,903258
1069433,1059239
2908671,2856584
7512889,6512301
11296503,8446767
11296503,2728262
8446767,2728262
6831184,13247589
7753171,8486487
7753171,13189722
7753171,9774061
8486487,13189722
8486487,9774061
13189722,9774061
1365691,10413645
1339955,2176374
824027,13556589
6657283,10775237
6657283,6619987
10775237,6619987
13909507,3672521
13909507,13907090
3672521,13907090
8703366,975470
2259451,6843492
13933366,13926384
13933366,13807519
13926384,13807519
13183637,1374395
3939510,4183887
3978729,3240327
7496726,12086792
7033432,7031792
12404322,830182
8543540,7657517
407622,334051
1326005,6962311
1326005,1359229
1326005,13008036
6962311,1359229
6962311,13008036
1359229,13008036
12146409,7054608
3566313,3234746
8617098,8628558
8617098,8448509
8628558,8448509
1867162,1851434
1867162,1862096
1851434,1862096
10779090,10051038
12491631,6792640
12136133,989411
6793870,13058740
6857455,9626585
14094681,6719287
1214128,14012522
1168713,11263652
397484,8863407
397484,8886105
8863407,8886105
11978180,8222599
8445259,3109044
649688,423550
12539944,12802675
9259895,11448932
324580,10542549
11878522,636546
13125132,6814041
12718856,13134771
6122433,544221
8663132,12330007
2974501,11691286
2974501,14144094
11691286,14144094
12508185,8621921
9282091,9153254
490351,6170477
12272201,12496056
13170459,13270395
12955685,3398004
730958,6818041
8624852,6373135
9286212,10184996
9286212,9272021
10184996,9272021
1747856,9926966
11290619,1011627
9622195,2689918
13252532,3311341
10471242,10323250
8538879,10670852
8538879,10798257
10670852,10798257
13116168,13888019
14147887,6329591
13900181,10214416
8096137,12153064
7062951,6574339
3103526,3845486
3103526,14143801
3845486,14143801
643715,8843809
619539,1679693
4064528,11710597
13170984,12746766
6963085,6921405
407819,8709804
407819,10972617
8709804,10972617
10511154,10414258
10511154,14046517
10414258,14046517
1189520,1544229
1635941,1811340
6527698,13710221
1965218,846119
6110330,679346
11239800,969779
10435567,9541503
10012826,2244005
787536,6127316
787536,6165476
6127316,6165476
6329863,6452043
6329863,7709380
6452043,7709380
10644113,5961577
10080196,10389734
6183374,656375
6122292,2464465
13763642,6769389
30433,9811200
3200845,3676992
3200845,3678808
3676992,3678808
4038296,4089500
9570830,9599141
9570830,9459981
9599141,9459981
9237832,3719810
576301,384151
6562995,6003098
12215823,13283697
9891855,12768214
7322755,12125782
319455,9633020
12018454,13841248
12018454,12107249
13841248,12107249
3323625,9613090
1373725,6994520
8925063,8892182
8925063,9152945
8892182,9152945
9466859,13734258
2456440,6408917
14032620,13879656
1504170,288554
4060230,4013088
9043975,9469094
3462830,3277797
10493504,11319350
9914959,6328425
9840976,3212926
1228155,837615
2904150,11360593
1811269,6476549
488454,1469913
8715482,6092078
13438139,6509432
13685232,144941
13685232,166165
144941,166165
12503770,4086316
11362544,8740012
5855493,13161861
402804,3991522
3845540,12897151
10836999,11544853
3096507,13685838
6321583,8566210
6186266,11857452
12617820,9293265
1206974,1634985
12761082,9981863
868775,880464
8625428,6815264
14154096,13984522
3780704,3815382
6756421,12461852
3979429,3203788
6297240,11369928
9775688,14087584
8378455,8973884
6623196,13541568
6622070,2693839
413285,8720935
11492982,3662635
3055820,3047106
9888056,9160139
1529455,13738066
1216617,1263211
13847915,1212406
6579073,10642138
6492998,3979005
10860006,10978501
9747647,12720471
12028288,8465269
10778640,7142863
13562158,3205792
6627043,10190814
13111710,9172314
6785983,10413129
54387,54386
54387,220389
54386,220389
9082228,11184362
1386253,10178611
11627090,1134038
9311153,254259
9311153,9166314
9311153,404462
9311153,9245850
254259,9166314
254259,404462
254259,9245850
9166314,404462
9166314,9245850
404462,9245850
8338697,11614637
8338697,11593343
11614637,11593343
8215089,6443901
2353340,6257423
6149045,654934
10439801,1399559
6260864,2355535
13407863,12747069
13407863,12404240
12747069,12404240
1485074,1290437
13063827,242556
10226308,9035289
12905271,8982710
9063028,2883594
9063028,10800043
2883594,10800043
6927552,6620747
6927552,10572006
6620747,10572006
2570445,12068643
2570445,2621834
12068643,2621834
10574845,14053157
887679,2958083
13993550,8327509
11146643,12926187
11146643,13300253
11146643,12422017
12926187,13300253
12926187,12422017
13300253,12422017
1428382,1420561
3356072,12844117
6248047,13252749
6248047,6227537
6248047,12320940
6248047,2374887
13252749,6227537
13252749,12320940
13252749,2374887
6227537,12320940
6227537,2374887
12320940,2374887
6720442,3340141
1145759,8391601
10776338,3022928
7916521,12120296
7340140,12528916
6122417,13688548
1522607,1542168
13541965,69145
13541965,12806796
69145,12806796
3118924,9546128
2279414,238807
2279414,405460
2279414,281535
2279414,2418233
238807,405460
238807,281535
238807,2418233
405460,281535
405460,2418233
281535,2418233
7510081,8269153
7510081,8289618
8269153,8289618
12513299,6337043
1297930,1776673
3580445,3183624
7967546,1681993
3263339,9984487
515849,6160610
9135901,9203612
1239029,822151
11855015,6149336
9131445,3500087
13183850,13461922
10395646,3978056
10395646,13219750
10395646,3295594
3978056,13219750
3978056,3295594
13219750,3295594
2133328,2134660
2133328,3544992
2134660,3544992
14131852,6794308
14131852,6647326
14131852,14074062
14131852,13868852
14131852,14043416
6794308,6647326
6794308,14074062
6794308,13868852
6794308,14043416
6647326,14074062
6647326,13868852
6647326,14043416
14074062,13868852
14074062,14043416
13868852,14043416
6555893,5997004
6555893,6573263
6555893,780447
5997004,6573263
5997004,780447
6573263,780447
7187545,611967
12197688,13632375
9332743,406166
1885585,2804663
1885585,13670740
1885585,1882193
2804663,13670740
2804663,1882193
13670740,1882193
40368,13170631
2405081,2416963
11884399,2818501
7743469,7649184
2217669,9038540
2217669,10591655
2217669,10444766
9038540,10591655
9038540,10444766
10591655,10444766
416234,816533
12733531,12304485
1702841,13023550
11225542,11309105
2576551,10902617
630376,800688
11392496,2357997
9748190,9794522
9748190,13752887
9794522,13752887
1632139,2891529
9443474,10160232
1143828,11321885
7075150,7037885
9751296,9829584
339475,304118
339475,304114
304118,304114
6864167,12855983
8783510,12359985
1735491,6893434
3382104,2539738
7991638,7566731
7991638,8488291
7566731,8488291
1417034,1422321
1417034,187132
1422321,187132
1472715,1520270
1472715,13695497
1520270,13695497
1657866,12002216
12029703,7690230
13635179,13659189
10730493,813099
12612458,9042571
10457510,10043056
3263320,12599314
7962382,3302759
1384913,9492002
896276,7285224
13380424,9311682
959911,9839072
959911,187234
9839072,187234
3128234,12513972
3128234,3161799
12513972,3161799
1603876,13142291
8959424,3808232
406591,10767763
406591,2846771
10767763,2846771
10342657,11794886
10582383,3214281
12414287,13619073
1340473,1391987
1340473,13627651
1391987,13627651
8948785,14114103
983180,7964756
9134605,9200572
9134605,9216082
9200572,9216082
2403697,2403694
2403697,2456743
2403694,2456743
8038527,6442556
8038527,4137986
6442556,4137986
8572600,2725886
8572600,11546041
2725886,11546041
544480,678946
544480,409038
678946,409038
783548,761797
783548,555335
761797,555335
8751007,2435900
1408911,1402678
582771,9990379
2205857,2689098
2205857,2146116
2205857,1318340
2689098,2146116
2689098,1318340
2146116,1318340
1081844,8078655
10166965,10721797
12992818,7985879
6446288,8577328
9349871,9047931
6355376,8238364
10449474,13177617
9385150,9045312
7431529,13537327
2842773,4076893
8000641,8593605
8000641,7539549
8593605,7539549
3099170,6478024
9361548,13176032
10448180,7967616
13779277,10523791
7106556,8648313
7932919,7906938
9393646,9388779
13238890,5894919
6754152,13827973
2657376,197655
9593241,13500555
383208,2079669
2102564,2044252
9679129,1262703
12723561,13140090
2909741,1413368
6573151,5950793
6573151,6562144
5950793,6562144
202077,182413
202077,9632692
202077,3677994
182413,9632692
182413,3677994
9632692,3677994
9018734,3790502
13047547,12711800
13047547,12038281
13047547,7487110
12711800,12038281
12711800,7487110
12038281,7487110
14172869,3053875
1726041,10775865
13616362,13245077
11367605,1016432
12393565,8068119
12393565,6622713
8068119,6622713
11680331,11706902
11680331,4099260
11706902,4099260
13156947,11500660
13156947,1712312
11500660,1712312
8331054,947001
5879666,6727127
5879666,13229124
6727127,13229124
13528514,1695328
9000404,9112102
9000404,12738159
9112102,12738159
8197421,8427969
3248578,1625198
2655590,2636929
2190523,12918368
1218299,897334
12727332,1737832
1690659,1746881
6645330,10332846
3544046,8003040
8542171,3665020
8542171,12298523
3665020,12298523
13650651,13637263
13045206,13775507
13045206,10580515
13045206,13061269
13775507,10580515
13775507,13061269
10580515,13061269
9051746,6822633
1102153,8304731
7678737,7066185
8647985,3973190
8647985,11995904
3973190,11995904
10160385,3144613
10160385,9101585
3144613,9101585
3335975,3549681
5955800,1128570
8088044,3083640
11274124,11696416
11274124,1487168
11696416,1487168
311300,93485
306966,9351010
306966,9068823
9351010,9068823
11715328,1467108
13033917,1766064
2772851,1296689
11822904,6077058
6939875,6928188
9770766,3680236
10169241,3810240
10169241,8996976
3810240,8996976
8459456,2797850
12512210,6970348
6738995,634626
560403,11238668
560403,10699929
11238668,10699929
522473,11841216
12496309,3373380
1080604,11602407
13103944,12422479
9130030,9291073
11828363,9200373
11828363,6561899
9200373,6561899
13227826,13502602
13227826,12445306
13502602,12445306
797378,451887
12523080,3350466
7322204,9156677
7322204,5938651
9156677,5938651
8152740,12162515
7329519,310910
6904205,1772282
6358244,1014349
7766953,2155536
2083786,2751614
3076802,10756058
9397991,9404702
2929494,10794774
13699941,2994104
11986512,8503187
573968,11448411
9899473,12513318
6381602,11319583
11291753,6419345
6654765,14043485
12016220,3287048
1408566,2123959
13521656,13762473
13238762,13734344
13238762,12952441
13734344,12952441
8101029,3299989
3359578,9980092
9108685,10222417
7879304,7712703
6254064,10447588
9115611,6766342
885497,7239450
13539754,2191780
6045639,13971647
7471402,8071116
3773048,8935338
9270453,12881401
1685143,3214612
2728138,3154378
8778765,8882540
13335249,6744436
2456400,8391236
8516672,7433748
725129,3734194
725129,9911782
3734194,9911782
4140616,6343353
8719847,614039
10987397,9243303
12174098,7751179
11365949,1185907
12223169,12200796
2269401,6926458
1490106,7296760
9773296,8450819
1412130,6912385
8280487,7943494
9125372,10214565
8831192,3115661
8490128,9945034
8970658,14072378
984653,8027543
2212893,2517485
8723843,8719435
12540798,2176068
2514578,1057656
2514578,932827
1057656,932827
9701141,11628911
9953331,759207
9953331,9637684
759207,9637684
3490640,7947796
1200703,9264188
9143458,9314865
9143458,311760
9314865,311760
3106367,6457447
3106367,3106257
3106367,3076387
6457447,3106257
6457447,3076387
3106257,3076387
9938623,1776949
6408231,7438683
6408231,1056751
7438683,1056751
13595356,8678199
12766714,12819175
12637817,3394555
470869,6122479
12877735,1765722
9010487,8971076
585292,723454
11681855,11334171
8386711,1102392
9173000,10209897
10780020,6503029
6307615,8207670
13493017,8698233
6990332,10599014
6990332,10569144
10599014,10569144
4044057,2895200
3790829,1144986
7985856,12439435
2152132,9626788
7872525,7068685
10667248,10789945
3176451,8194225
8662947,12167708
6205054,9408010
11633705,2357433
3736900,7472561
5890301,13272306
6896697,8798683
3241665,13528581
13380145,6741447
6331712,8563875
2843449,3005743
10221701,10338335
8571265,12931395
8561547,1961900
27599,11608905
27599,7658154
11608905,7658154
921364,1195114
6149695,789551
10320360,7202494
6827440,13485493
3668986,13925967
3668986,13907720
13925967,13907720
68049,2985458
8464889,1690957
13251044,6818764
13251044,3558695
6818764,3558695
8794436,8833694
13606608,6791312
13764370,12832244
13764370,12845281
12832244,12845281
11947568,10540877
11947568,991948
11947568,8654526
10540877,991948
10540877,8654526
991948,8654526
7228021,10323341
2611020,967450
13391703,1637314
13258715,12826609
1820722,1604565
1820722,1790651
1604565,1790651
1714650,13825248
1714650,1715092
13825248,1715092
980268,7708825
1492824,1497324
3325049,8615757
2517543,10929231
6341594,6294214
6341594,6480972
6341594,9957994
6294214,6480972
6294214,9957994
6480972,9957994
9790827,3190220
1195536,1269933
1195536,882377
1269933,882377
223139,9935120
9931867,11486169
9931867,3111371
11486169,3111371
12511813,3281973
9794825,12103766
3567897,8170551
1726355,13156379
11599877,11579352
10708114,10656440
10708114,10765359
10656440,10765359
2402001,12559669
866042,721880
866042,924896
721880,924896
13938514,13937165
13938514,8539394
13937165,8539394
3898010,1504992
12171597,10829049
12171597,2401537
10829049,2401537
11998377,13944942
10321892,8381775
10321892,12041751
8381775,12041751
8949467,8901628
8949467,8898411
8901628,8898411
6267940,2690632
7342755,8280393
12383853,13503288
6410347,10673195
2216629,10041969
11492189,2066480
11492189,11462943
2066480,11462943
13837896,1337960
9555642,6842313
1500966,7138592
13775206,14001411
11433325,7488664
2843208,910541
12174478,11957820
2478532,7793808
9257689,338013
6725965,6780366
2693811,10946381
2693811,2387098
10946381,2387098
11588647,11219075
11588647,11354874
11219075,11354874
7497819,9823416
6245011,9457546
715686,7280702
13955190,11716520
13955190,12588845
11716520,12588845
9295019,12638606
11588763,72170
11588763,12123739
11588763,1432989
11588763,1434102
72170,12123739
72170,1432989
72170,1434102
12123739,1432989
12123739,1434102
1432989,1434102
2271606,9065263
2581756,10951018
2581756,10886503
10951018,10886503
8292613,11992709
10069338,10594787
3970698,4092327
1480765,1662337
8527898,10019280
12830029,12488085
12830029,2258884
12488085,2258884
4168299,6643406
10344299,8258857
12395573,3699064
12368258,9011088
7065051,1493667
7403992,1051945
6363506,7730846
9158068,2552252
9109123,11331338
9109123,9171949
9109123,9289183
11331338,9171949
11331338,9289183
9171949,9289183
6329488,8542647
5960876,6575857
10315232,9151935
9310550,2165779
12383865,32746
10267564,12525164
1019348,11641832
6743813,6579034
12925269,10282929
12925269,13741755
12925269,9701633
10282929,13741755
10282929,9701633
13741755,9701633
9233617,8373978
7770401,1184421
11998271,7866016
7483165,7650794
2329376,3162528
8950460,7758330
2122362,6835275
12257997,291133
3809932,8915080
1104893,1125005
3323834,5908009
3556256,12824579
8801622,10676346
8801622,10798640
10676346,10798640
13562076,13170130
13784127,8598315
8343623,3702843
12000426,8418586
13079593,5895796
9296658,9372129
10712596,10864574
10712596,10830614
10864574,10830614
1714306,10816724
375185,2136334
10174606,6762834
10174606,12757502
6762834,12757502
11921925,12356427
11921925,11904421
11921925,2463240
11921925,11915843
11921925,11913272
12356427,11904421
12356427,2463240
12356427,11915843
12356427,11913272
11904421,2463240
11904421,11915843
11904421,11913272
2463240,11915843
2463240,11913272
11915843,11913272
757921,602169
6790069,13117514
6790069,10589564
6790069,12630416
13117514,10589564
13117514,12630416
10589564,12630416
779904,7040720
13505244,2881240
13505244,2852128
13505244,12391579
2881240,2852128
2881240,12391579
2852128,12391579
2654359,7735620
3025661,10690315
2882073,10803288
9822497,3660976
3759123,3820471
10042370,10358690
12619874,3282904
6606108,1720671
6606108,12817809
1720671,12817809
2272547,1165222
8907320,13139228
1749340,12840007
6549886,11815701
10513606,12602379
10598862,9021904
13139019,8855749
2858336,3907747
2858336,2865872
3907747,2865872
8020801,9069183
8791791,2007688
8791791,8814803
2007688,8814803
8820259,8847618
8392521,8354021
8392521,7449624
8354021,7449624
7451780,6442595
614890,1657767
614890,919826
1657767,919826
9047470,9169613
6900075,1486578
11490903,6732410
1319140,6581258
7447073,3279146
9961167,1709461
9864111,3322591
10016937,10052135
1147399,7783219
4024893,14052762
3779760,3779762
3779760,3795948
3779762,3795948
8561789,11311319
8561789,8446611
11311319,8446611
1735403,9950978
5950015,8126408
1574156,6302689
8550243,950894
1048161,1987346
944296,8644278
6744336,13005544
6744336,5859060
13005544,5859060
6407792,8026146
10945518,3298947
584256,789706
10593459,10053079
632756,5937426
10514338,10583852
9149582,3145521
9677928,10820748
8327886,3968317
8505833,12934142
12928307,10276023
889666,1270404
2627783,10925929
1686091,13575401
13268094,13167225
13268094,12741413
13268094,12656515
13167225,12741413
13167225,12656515
12741413,12656515
2575340,6587782
2580007,6276811
2918855,11373690
3264895,3552333
3805180,13516081
1818545,7068072
3269608,3729505
2403315,10965186
2403315,6223703
10965186,6223703
12614917,9853404
11644565,1159387
9276313,10755773
10013587,2693300
10013587,2720740
2693300,2720740
11826037,11861436
7310442,13801328
740163,5968595
1955265,1729630
13477360,10010327
1519122,1590232
1519122,1672641
1590232,1672641
120165,3094430
201157,218766
522066,10359088
6573705,7110606
3228784,9958356
1702109,3283688
1702109,12925029
3283688,12925029
35365,12878938
13523548,11914983
13138770,12631614
4044688,13448874
10477544,10567048
7460413,1022649
1352678,9011126
1352678,2395991
9011126,2395991
10974323,1352225
12843169,12748976
12843169,12317422
12748976,12317422
649111,7262735
7481642,8311784
1235477,6112682
693162,11453333
2103410,2105147
2103410,2057455
2105147,2057455
3178383,34383
3178383,9955121
34383,9955121
2739215,6882765
11462035,11526677
13407239,10031173
13407239,10204708
10031173,10204708
8042107,12507505
7973214,13782039
330226,3227285
9163445,1087528
7762689,1054328
6760512,6922429
765365,569898
765365,499534
765365,7973841
569898,499534
569898,7973841
499534,7973841
3353394,13271043
3353394,11263494
13271043,11263494
10211050,6635760
3805123,3549105
3805123,10458165
3549105,10458165
11710526,3925185
6152127,6086317
6152127,13764079
6086317,13764079
668320,7284602
3666759,9237571
12189828,8018942
10567600,1758735
3539082,12915428
897048,1243961
897048,1196773
897048,832681
1243961,1196773
1243961,832681
1196773,832681
9591284,9617545
9159453,10170069
9159453,10166359
10170069,10166359
13944569,6408056
6301320,4167870
3915589,11977282
1483327,12191031
1483327,7388488
12191031,7388488
9872870,3729723
9590287,1373241
349924,11478862
9751160,9751159
9751160,9823332
9751159,9823332
11432997,10617177
10399024,6286000
12141628,7952501
1736319,9979147
7987650,9861937
9226352,10226512
6654707,3322732
6654707,8670113
3322732,8670113
2088139,6766627
2088139,2083011
6766627,2083011
12383778,12489260
12383778,13521436
12489260,13521436
6773042,13247655
9351810,8648246
6293546,9110385
2393618,7458482
2393618,3725695
7458482,3725695
1437825,1424532
9566542,4176002
2420297,8882568
4004415,11099316
6821830,6689229
12026174,11639643
2401490,8459436
10979316,10927326
3826976,4110406
3826976,3826977
4110406,3826977
28329,3221419
142966,52397
5888189,12629260
6339277,7033854
2214160,9544383
7607374,3545778
938822,8874776
938822,8846932
938822,8025019
8874776,8846932
8874776,8025019
8846932,8025019
9866600,13105555
1666390,1639751
6830496,6707170
6830496,13128809
6707170,13128809
8308519,3492371
1052934,8351595
12190630,8626909
9236398,9130149
8351996,9202093
7932449,1126087
6065294,495123
6065294,824942
495123,824942
7770491,3349838
12393937,12419774
13049883,12416566
13049883,12660001
12416566,12660001
2352592,2352593
2352592,2450740
2352593,2450740
7448402,411303
10738197,12287607
12939726,12533951
12939726,12939725
12533951,12939725
3878347,4091624
12286433,6791991
10336482,831437
11253859,6340717
1743347,9657407
9617435,10173996
3260532,2807112
8553044,2012454
7161851,760860
2887153,10717900
490998,1911783
12361921,4180923
9291680,3446948
9291680,9315070
3446948,9315070
8552554,12129498
8552554,12030740
12129498,12030740
718091,12850392
718091,13500848
12850392,13500848
9613174,9537153
166712,54412
7443418,11908263
14013996,9090766
11201777,938938
1738181,11710369
3941074,3839727
3131315,9441618
6319300,6342257
11414231,1923936
2294709,2406819
13048551,3366546
6745164,6781345
6745164,12734141
6781345,12734141
3235320,91220
3235320,9865350
3235320,9930113
3235320,3326652
91220,9865350
91220,9930113
91220,3326652
9865350,9930113
9865350,3326652
9930113,3326652
7991008,7581338
416644,410131
11454740,11411722
3861520,385888
10811611,10651853
10811611,2970122
10811611,6393288
10651853,2970122
10651853,6393288
2970122,6393288
11357058,11261385
6540569,7061928
6540569,1529148
7061928,1529148
9224729,11305207
12140713,7791586
13037687,3201381
8362670,6033068
202004,11080023
2102299,2075218
10172353,3116616
12280580,2515909
12239971,12202129
1022905,11591984
1022905,11192629
11591984,11192629
1969641,10625680
9875331,9976640
9875331,6303139
9976640,6303139
197305,3210162
10819445,11043342
12623766,9979907
6609465,8987201
12815664,10319837
12815664,12759878
10319837,12759878
5903720,6617774
13725039,1202668
2725032,2661342
13277177,12380206
357256,346837
2713031,2510648
12707290,12339415
2392877,10393128
2392877,2678161
10393128,2678161
1706853,10731445
1454991,1599655
68628,1700613
3919503,13229100
10215208,13027107
8100514,990771
1015158,7322259
7735506,7358399
1319244,6975468
10630682,588589
6791304,12381634
1333082,9505067
803970,12075692
6375191,3878894
3544974,3173280
13219654,6751985
3060546,4106829
1644538,895165
2297957,2577834
3643324,12709845
3643324,6884100
12709845,6884100
12404944,2161429
1972907,8584642
9242239,7403526
9242239,12304929
7403526,12304929
14099049,14062066
1913559,1963893
4086250,8917660
7708056,1028629
7708056,6648441
7708056,12297265
1028629,6648441
1028629,12297265
6648441,12297265
292847,9081442
10973999,10983316
10973999,10890903
10973999,10901750
10983316,10890903
10983316,10901750
10890903,10901750
10840979,10985681
12294347,3173387
2356033,2349262
2356033,2452771
2349262,2452771
1296786,2784144
7790367,8252905
8757237,5889190
8757237,6578909
5889190,6578909
873880,1653402
7490758,7475638
7490758,8392932
7475638,8392932
7763908,13545482
6757288,12501154
13385769,3353134
258396,2048908
13154581,12309376
648114,694894
648114,671247
694894,671247
12486834,12519222
13632390,12222702
12533518,1415855
12533518,9242821
1415855,9242821
12804257,9638653
11880433,7226485
11880433,9221110
7226485,9221110
6645548,13421583
6579281,1650816
11290344,11369412
3622849,3971833
3622849,8847979
3622849,8273062
3971833,8847979
3971833,8273062
8847979,8273062
4095300,287539
4095300,3021021
287539,3021021
496120,7143765
430861,10647725
430861,429156
430861,10614156
10647725,429156
10647725,10614156
429156,10614156
9737345,9752804
11508198,6276889
13049470,12327019
9934639,9728052
9934639,12623596
9728052,12623596
3565561,1527000
3565561,831761
3565561,12532725
1527000,831761
1527000,12532725
831761,12532725
6847408,10386218
6847408,6982877
10386218,6982877
3748007,12960572
3748007,14071249
12960572,14071249
2614409,2630932
9122021,10159504
10413940,13347992
3028840,11274742
9489932,13173530
3944671,7923849
12300101,12668224
6874030,13498961
6874030,6913791
13498961,6913791
12666850,8526923
10914272,10947233
10914272,12488324
10947233,12488324
9420205,9612404
8976331,3765291
2726377,7764998
7494225,13049979
7494225,12822856
13049979,12822856
11658551,11779219
1459705,1448794
1459705,1492535
1448794,1492535
11806313,6140979
8653033,12060204
1771381,12686393
3247317,3648226
616456,11447440
5909841,2689157
2842759,11261852
2842759,11335843
11261852,11335843
7660667,1467441
11326020,6462523
7973064,502456
7973064,7655687
7973064,7164012
7973064,7181154
502456,7655687
502456,7164012
502456,7181154
7655687,7164012
7655687,7181154
7164012,7181154
12542070,2413946
3715984,9762723
11308889,6377165
7766769,11588967
13495812,6798186
8916631,8976804
1657619,8259686
1657619,7436977
8259686,7436977
3855466,7339242
165349,30435
165349,10362790
30435,10362790
9106644,3112248
12543245,7342159
12543245,9243887
7342159,9243887
9318385,10205545
9318385,10216183
10205545,10216183
6730845,6767919
471325,9746979
12508406,14078683
1398851,2176379
977594,8642199
8915679,12309397
8915679,12489520
12309397,12489520
10641363,6130881
10641363,10626230
10641363,10623299
10641363,455816
10641363,699655
6130881,10626230
6130881,10623299
6130881,455816
6130881,699655
10626230,10623299
10626230,455816
10626230,699655
10623299,455816
10623299,699655
455816,699655
13381067,12821961
1450761,2005320
9707229,8524174
9707229,8229576
8524174,8229576
8598832,13038923
5901598,6883136
9067630,299906
11421124,145178
11421124,11409175
145178,11409175
6143835,6047096
6143835,6046969
6047096,6046969
8886748,1652440
6580901,894863
9071817,9795302
12982185,13118181
3446025,4186854
10711925,3038002
6111670,635533
8987323,3774065
816660,7280205
9363488,13051845
11192456,1175616
6121238,6717717
6121238,9506294
6121238,12741862
6121238,10616651
6717717,9506294
6717717,12741862
6717717,10616651
9506294,12741862
9506294,10616651
12741862,10616651
2718686,2467323
10245402,10145397
12305491,12603838
10821707,9913710
11710058,9295338
6669938,6798016
7647592,6552709
782836,803162
782836,8675436
803162,8675436
53230,3255660
3289524,10323131
3289524,3274425
10323131,3274425
10169837,9045435
10457622,10415523
9241250,3023106
9638638,7490204
3348136,13556806
8379877,8219972
14004300,14157111
383672,3928170
12141775,357396
12141775,9155564
357396,9155564
8599403,8019894
13138523,4015167
493173,3991345
4184985,12908754
3025628,9273216
5926908,7144997
13006864,13043256
11834379,6123003
6740541,12470188
9060527,281277
2374574,2165974
2374574,10012367
2165974,10012367
6693389,13848848
6693389,13927418
13848848,13927418
9262321,10235021
2070994,13043369
11188698,1027445
3404921,10289868
8976419,10710993
8976419,10797557
10710993,10797557
12162704,8253605
6651189,6805678
6651189,12315214
6805678,12315214
12819035,11555511
12851690,3623566
2442492,2685224
9660335,3363876
947393,11320204
1220141,13947667
6453046,3093432
7014329,988647
7014329,7586356
988647,7586356
2918508,10781959
12843023,10387959
4001348,9317211
12687974,8510230
9152139,121437
2441214,9023061
2441214,10980724
9023061,10980724
874996,13763886
2174885,13140170
7588945,1087131
7349313,2721073
13522822,8870145
8621673,8572998
8621673,9357591
8572998,9357591
7757691,7993504
7757691,6555668
7993504,6555668
2686336,2525976
8517073,3291151
7316679,417753
12246491,12206846
6609170,2374541
1526970,3021463
1526970,11731201
1526970,11780135
1526970,11741962
3021463,11731201
3021463,11780135
3021463,11741962
11731201,11780135
11731201,11741962
11780135,11741962
12350923,6787251
10766416,10578328
8926113,3810281
10317564,8807928
10339727,10522768
9357942,13717721
160258,13161963
2449150,6253971
7113548,7143119
12410448,13784854
13155309,3206287
13155309,12578271
3206287,12578271
7336428,937662
9535802,1406151
3885665,3415090
11584683,1093714
4064616,9983762
3838929,4066175
1130018,1104748
1130018,962821
1104748,962821
7972700,12145910
3289235,11563593
7204709,13223081
1802065,1658661
9284738,9796366
9577635,2223772
1638342,6542110
6815086,13906036
1406844,14066035
3815143,8988278
7386626,70896
6779113,12347320
1332442,2126129
11804899,6549388
8332592,8347468
2232225,7197961
8597693,1546806
9870184,9912484
881946,1482366
7228737,8997577
1105917,11586433
2175593,2792121
7102690,7294465
10570859,1766215
2448773,1950870
13774573,7312099
13774573,11276859
7312099,11276859
12542363,6995559
12542363,12633288
6995559,12633288
1255078,860733
1255078,836280
860733,836280
2396864,2618445
2396864,2356840
2618445,2356840
13530455,8045933
13530455,8083686
13530455,12605391
8045933,8083686
8045933,12605391
8083686,12605391
7113588,7138525
85237,13129625
1059273,6297583
6398373,6448510
6398373,8046011
6448510,8046011
7055334,8076453
7055334,7019381
8076453,7019381
12735060,13021521
12772455,1689305
9397128,10094352
9600282,10566991
2737979,10981160
13186826,12964236
13186826,13186827
12964236,13186827
12622186,8439771
12622186,7939091
8439771,7939091
761835,535988
13254593,13169808
5936052,812741
3299439,3370898
1784722,1826333
1784722,838684
1784722,1799786
1826333,838684
1826333,1799786
838684,1799786
6844271,6944512
3733524,3989164
7065259,6409840
11649795,11240025
8709777,7312389
8337513,12619010
13644641,295132
1081337,11288397
1081337,943395
1081337,1125836
11288397,943395
11288397,1125836
943395,1125836
5990874,6550016
6871482,12489168
1651819,6721869
36472,686406
13522897,3283610
13043223,5954425
12930863,3321769
1481457,9944608
3367968,12493021
3797035,3784342
6650939,12844526
13863244,10072210
10617830,3102977
6560866,11396718
6560866,11437447
11396718,11437447
8471633,3580324
11780580,14013177
7806816,12171637
4039802,9690915
4039802,8571127
9690915,8571127
11989792,8290106
2910203,2904908
7032023,1500756
9629574,2135687
12090948,6320112
8515809,8086506
10590277,13272455
13991674,13944346
10167601,12911476
10167601,9247309
12911476,9247309
7989424,12739117
7989424,3374501
12739117,3374501
7690046,7273521
1079300,7491067
1203007,1821420
1203007,1281794
1821420,1281794
9263765,11889267
9263765,2366539
9263765,9317992
11889267,2366539
11889267,9317992
2366539,9317992
9375995,9234597
978162,8532344
978162,935176
8532344,935176
972987,1054075
972987,1161036
1054075,1161036
1418321,1740
1418321,121402
1740,121402
11492562,13032089
262878,9284603
1406107,3911957
2527197,5845128
10072252,1893300
11291600,1020162
11802592,3229240
13718462,8027502
1182862,939595
10115685,6777819
499421,4000347
499421,3262597
4000347,3262597
8008351,12976717
398290,1950840
10412258,10526341
13909583,9637117
13909583,13867976
9637117,13867976
11895382,5887353
11895382,2686057
5887353,2686057
414082,9527557
3844210,3984964
10394543,10030009
10394543,13629092
10030009,13629092
6280388,12669823
7447047,8460376
3558223,12853247
12702386,13217991
12928966,6611996
12928966,12354434
6611996,12354434
10638168,6065822
10938443,6819127
7983420,8666176
7983420,8334404
8666176,8334404
3540678,9890690
9174693,8466985
6165954,562629
267285,9014136
813599,1542025
6613342,13056745
11893319,9044568
11893319,11520417
9044568,11520417
1817124,1106364
1817124,6383581
1106364,6383581
12675698,1368316
10178989,382261
1230760,1485816
10096000,2267868
13685731,7446081
7989590,7324221
3574257,10224759
3574257,9345722
3574257,13565208
10224759,9345722
10224759,13565208
9345722,13565208
13073438,1400659
10817734,2938700
10817734,2994223
2938700,2994223
13826926,1393896
11947111,7869524
11947111,8354666
7869524,8354666
2355917,6281150
6002685,521683
6002685,5925437
6002685,718673
521683,5925437
521683,718673
5925437,718673
11943140,1132504
5979986,1175225
3067447,3986444
307696,9314437
307696,239623
9314437,239623
12723890,13065086
12302563,9260456
12302563,9182421
9260456,9182421
13051951,7988888
10130438,2559153
8437661,8055532
8437661,1072600
8055532,1072600
6958389,2375633
12751744,6790333
12751744,13149715
6790333,13149715
10573985,13267938
2628462,2536612
2628462,10161185
2536612,10161185
13585907,13535862
10125009,10096665
10125009,10097185
10125009,10143053
10096665,10097185
10096665,10143053
10097185,10143053
3993432,3934072
8624032,13707095
2922960,4010247
14046151,8972974
3936307,2982364
10668911,1428440
10668911,8240130
1428440,8240130
12607400,6150799
12607400,513626
6150799,513626
7490619,8251197
9861962,13717840
9861962,12940705
13717840,12940705
12056565,6441057
7593491,12068539
1983616,11417563
1983616,11392404
11417563,11392404
9201447,10397619
1087122,6438064
13060584,13269684
13060584,12548348
13269684,12548348
12009425,8755821
12009425,12061623
8755821,12061623
290740,10592457
2411337,2418630
12852536,3383234
13109926,9472587
6948369,9384620
9332033,8082004
11225747,11630069
7108406,7126103
9083169,9520332
9083169,3075608
9520332,3075608
13175311,12364512
2947863,3985680
2578304,2443671
12330652,10451805
12330652,12714069
10451805,12714069
8631476,8347882
7301605,13751599
36304,3379872
9177213,6074676
9177213,774029
6074676,774029
1494219,13958039
5949663,633205
10982078,2420174
12443575,6818626
11431786,10815824
16179,9616908
13271720,12302311
1127298,965083
13161489,10598162
2574573,10402446
8653136,7033515
13057343,6270057
13704564,11978407
13063613,3686620
2106099,323535
10229865,1299548
327036,8206420
7483906,3271041
11913154,11891631
7489183,13128531
13093969,3177764
10699010,10733692
10699010,10745105
10733692,10745105
8633685,13725632
13249442,69856
6556646,721629
3046781,6504679
484969,9658298
11245930,6475602
11245930,11249819
6475602,11249819
209581,12611697
916891,889772
916891,6555829
889772,6555829
2520363,164439
2520363,148874
164439,148874
12614943,6828982
10445674,3810205
1218524,1685827
1218524,1211004
1685827,1211004
8230019,7063839
6094084,8697510
7477491,12141419
10416638,11930722
10416638,11928121
11930722,11928121
3075576,2858307
3810804,8924654
3810804,8945299
8924654,8945299
715966,10342616
9795876,449842
13274176,6622643
1254285,7013722
10179607,10230314
10485410,1358618
3482279,3237610
3482279,189820
3237610,189820
13498331,13219942
12565278,12527260
12565278,13047661
12527260,13047661
998417,1091055
998417,6444598
1091055,6444598
6203500,10462671
3322298,10346163
8620937,1107271
12357885,6689755
9863604,9737450
12637013,6389742
7978849,8023181
7978849,1774070
7978849,7039865
8023181,1774070
8023181,7039865
1774070,7039865
4071358,4078016
4071358,9264372
4078016,9264372
9214445,3865115
12727455,2673743
2754588,1091492
10766725,7491002
2770073,10067421
9840331,13272699
2416542,2393583
2416542,2737789
2393583,2737789
3207649,9932032
3207649,7724664
3207649,9658053
9932032,7724664
9932032,9658053
7724664,9658053
934374,11945491
13071084,12926634
1167023,6417313
2448302,6225538
3982896,608041
12763663,3734917
7239340,7266752
7239340,7238696
7266752,7238696
3186331,3408733
2746634,2758001
11612985,13861264
6719815,6965045
6719815,10314727
6965045,10314727
6023410,736593
3153619,303310
6526289,13696050
10776091,927685
10776091,924563
927685,924563
2206301,10380730
2206301,2207716
2206301,2236806
10380730,2207716
10380730,2236806
2207716,2236806
13216950,12507111
10171010,498377
2375950,6349456
8247409,1013485
14072468,6725525
4181573,2893283
10592762,10037837
8901018,3780982
4049836,3022520
10304897,10298564
10304897,5840647
10298564,5840647
9938272,148748
9938272,3267780
148748,3267780
10596751,9612301
10448292,9359822
12555066,3275151
8979498,2793884
6847573,10234974
815952,1554520
3550060,12712596
3550060,117739
12712596,117739
7779548,12033828
3973303,12185142
7531642,6616783
12281589,10396737
958087,7064456
11890035,11921726
11890035,11916091
11921726,11916091
6918314,13777776
12577381,12326445
12577381,6744036
12326445,6744036
12512010,13552973
12512010,12338101
12512010,12312397
12512010,12536624
13552973,12338101
13552973,12312397
13552973,12536624
12338101,12312397
12338101,12536624
12312397,12536624
1042480,8052111
12288509,9884664
2141037,1337623
7542584,7033983
12826180,12642350
2164898,1144047
13057382,3681965
3877714,2941776
949723,10984575
6949695,1402756
6949695,9601254
1402756,9601254
13452631,13268449
7855898,12187341
9679871,10273756
9800955,11043483
4091610,9538251
4091610,11082451
4091610,3055906
9538251,11082451
9538251,3055906
11082451,3055906
8036733,12162359
8036733,12073363
12162359,12073363
10766754,10665841
10766754,28428
10665841,28428
6815305,6651868
6815305,3206009
6651868,3206009
10593374,8685883
9698642,3278856
12834573,12315580
12119958,7703144
11192312,978327
3069156,3883086
3742505,14087533
10630985,10641400
2747722,10094122
9210232,10166004
9651326,1729253
1255742,6523120
8790034,8817876
11860545,442083
11860545,6129919
442083,6129919
11508029,6748481
11508029,12845231
6748481,12845231
13742042,14012832
1424906,11132082
12173954,6329927
12173954,8690834
6329927,8690834
1257933,2996358
3597619,1701390
121269,217827
6273161,10381981
6273161,6236122
10381981,6236122
13112382,10565739
6078685,10631345
6078685,10631473
10631345,10631473
3792144,8945391
6085133,783442
6085133,6106501
783442,6106501
7771374,8390018
7771374,7992124
8390018,7992124
2366644,8775147
5950194,11439376
3238866,9845608
14112467,9443852
2476403,10931038
11215133,6307097
6573313,596945
8116659,6378237
3326626,3409792
9174430,1312718
11447770,9003238
11665689,11716731
11665689,11794703
11716731,11794703
9267085,13063559
8316903,7940177
8077260,9313309
9716818,6572651
12515678,3422756
10691044,1353175
10691044,10811621
1353175,10811621
13762564,3190814
13762564,12382526
13762564,12757053
3190814,12382526
3190814,12757053
12382526,12757053
3229084,12720968
1174287,1179925
1174287,11241987
1179925,11241987
13738350,13548708
9433747,13816585
10200984,10170413
12054907,7895969
11378156,698955
13118810,9169012
3313054,13233440
1743558,8859786
10930842,2725215
12352132,3345116
12352132,12661859
3345116,12661859
6024297,779466
1799776,1684065
13228099,12698801
13228099,13312561
12698801,13312561
2455593,12807070
9969682,118483
2076064,361490
2855505,2940149
12418879,9714217
9356705,366022
3728544,3290879
2515262,9277583
1638121,7012377
7706838,652289
1158762,1180820
10578195,10397256
9725775,12834613
9578640,9591428
6646281,14156417
6646281,13233390
6646281,3991669
14156417,13233390
14156417,3991669
13233390,3991669
1547154,1520959
11916204,2495196
11916204,2462106
2495196,2462106
12647922,12325951
9890568,350515
13274716,13673418
13274716,11183419
13673418,11183419
13143294,6155879
627697,4076095
2982109,2880791
11421552,7269898
11665489,14176861
11665489,1815348
11665489,14165659
14176861,1815348
14176861,14165659
1815348,14165659
9097000,10206212
10006758,700547
7777652,12113856
13044067,7441281
13044067,3924189
7441281,3924189
1346144,2215613
2929213,6753146
3714823,3290484
3893616,8488713
8943977,9010183
11655336,7423803
8711453,8726389
10140428,6939839
10140428,10996673
6939839,10996673
3284647,9634580
10071312,10051035
7996341,1052323
12717819,8933696
6553795,427012
10709431,1768183
12271295,13189359
1632072,845363
11432751,10614295
12299101,6066490
12299101,575765
12299101,13792990
6066490,575765
6066490,13792990
575765,13792990
8628416,8086350
8628416,7992229
8086350,7992229
2666540,6257215
284956,406952
1123679,8457918
13762949,7427408
13762949,11974095
7427408,11974095
6858629,5913550
9142412,403782
11655205,8236246
11251499,3066910
3706362,1731824
3681015,3659483
6573991,556168
13163760,566
1638040,7613541
3828286,4185374
3828286,11708137
4185374,11708137
3190102,13800643
10174530,9377510
10103162,1291833
3341867,9304081
6343091,1212019
9104482,308325
13504197,8211337
13957451,13353090
14149969,1100577
119214,6391342
3877854,10778389
4012716,11712675
2378407,5897240
8506127,11588554
2662462,2272712
5935869,7146078
5935869,5997568
7146078,5997568
6967385,12320335
9660906,6889681
2104071,2723269
6730146,6820176
8294874,326434
12506974,12599722
12506974,12383750
12599722,12383750
3796387,8306085
2652947,6225680
13172232,9493550
8022720,966683
9660109,3180274
2344440,290418
2257058,9582430
2843276,2931721
12786642,10015647
10207248,10221297
9677037,9065194
2292489,2692066
217959,12600068
6232709,2500350
11999139,8579206
11999139,1058989
8579206,1058989
2699298,10400637
7289805,8409538
434207,763740
5936868,6261503
3939119,8026249
12325655,6942734
13999801,13702015
944088,11201802
944088,7971919
11201802,7971919
8508067,1150097
10723554,8249301
10459135,10989774
7748567,6318631
7748567,945412
6318631,945412
8646166,12406817
8646166,9199438
12406817,9199438
8267206,7074083
9424519,2425076
13241410,13153042
14147462,14176864
6252060,2354737
8556400,9348906
8556400,6476871
8556400,8686290
9348906,6476871
9348906,8686290
6476871,8686290
71822,183482
71822,9658953
183482,9658953
2894088,10777931
2714484,3155203
9442549,9523180
11598465,11998765
11598465,8135963
11998765,8135963
1915905,2014892
11258619,936901
11258619,11296520
936901,11296520
3544927,12350517
2858881,3546023
4180641,4068669
6025274,740412
13337647,12858141
8440431,12179317
9084086,9178048
6791580,12672291
3291607,9748024
13266964,10401608
13266964,12753228
10401608,12753228
7169228,806366
9778208,1417131
9706311,9681577
2805036,8513005
2805036,2793209
8513005,2793209
6465224,11631384
3259094,8944407
3715760,13244743
7936590,6358579
8280755,11325994
8357388,4045871
13689492,8579340
13689492,8451001
8579340,8451001
6768371,13533866
9535448,13872342
8087068,1142025
9179718,9114155
11461046,2579762
5844982,2270401
5844982,7464737
2270401,7464737
3131784,6121020
6793332,3389087
8391924,139061
94990,121205
69593,96244
11746593,11701135
14174273,14164773
3677094,9907326
8233519,1052947
6163775,475920
13062085,6514366
3723836,3904212
8372736,1028336
10140935,10117959
12978430,2352434
1694936,13224541
11491604,2559409
13767554,8082336
11913251,2408922
12762469,10382239
145401,2880350
145401,9862836
145401,3260364
2880350,9862836
2880350,3260364
9862836,3260364
6872026,9913134
9704280,13273677
9704280,12924542
13273677,12924542
2151983,10459109
12410837,2006132
10840239,10720369
6912899,6909001
1331630,1402025
9528092,9520270
6064352,521067
116265,94472
116265,13265262
94472,13265262
12795520,406401
6086729,541643
1711609,11015769
1711609,2402493
11015769,2402493
1179043,2931786
4116949,8494657
6187476,8430447
11281618,1016883
805418,742533
805418,707124
742533,707124
647772,7873829
7073232,1600070
13754589,13747081
119747,9979364
7050866,7460011
9818293,12507715
4008636,4082196
11446675,11431127
9272245,9144138
13688482,12336492
6057247,710827
13406682,1338686
12701652,7941264
670106,7190719
11588911,11649173
7035864,7418973
8045704,8712901
2935208,2997273
2935208,2978570
2997273,2978570
2516906,13897556
5895137,7972630
12916057,11160521
6079889,11875064
3884599,7732561
5845395,3360104
5845395,13072787
3360104,13072787
1050517,8529204
5924316,474255
9040777,9371050
6317319,8552367
6549449,12024691
6549449,12662159
12024691,12662159
2732428,8861099
1407794,14063193
6641446,11474920
12511493,10191582
12511493,185039
12511493,9356527
10191582,185039
10191582,9356527
185039,9356527
9039000,387016
2951048,10751879
11106951,11071298
941533,1790449
12630555,12296594
12243973,3311444
13107862,12393288
13107862,10382703
13107862,10412896
12393288,10382703
12393288,10412896
10382703,10412896
6468916,11237696
116320,12544842
462789,674011
7004107,859540
695888,627722
695888,7179390
627722,7179390
1699467,3674293
1699467,7654663
3674293,7654663
9203039,9196168
9203039,6296645
9196168,6296645
4181716,12838459
13816154,2738280
10974030,11921713
13733550,7779936
8208025,11961560
12958665,13321143
13520940,13184187
10751584,13284465
10751584,2094160
13284465,2094160
10521182,6287214
10933383,9195926
10933383,329314
9195926,329314
6737839,13771707
6737839,6970444
13771707,6970444
12790828,13868587
3287764,12398305
3227273,10296993
11248234,11260407
2958735,4084417
7181620,6079414
7181620,6171882
6079414,6171882
7035838,8679583
12840884,2792059
3297916,6749503
7646766,7186788
7980872,12340767
11950145,7865536
14057145,3020237
14057145,1180989
3020237,1180989
8232540,7656846
8232540,8406832
7656846,8406832
6779323,8868108
9521069,6030277
7054648,346773
1122682,8366299
2855278,11647326
933713,7487678
13172546,3187239
13283913,11514476
521742,6094870
13511605,323387
605873,478178
12810316,13266561
1633512,8214539
4002214,4182564
1165648,7958334
4087946,3029291
2686617,2415773
7037519,8062950
7037519,935513
8062950,935513
8269716,9690309
6732526,13046599
14173615,11725074
9968192,5948641
12605043,1123969
964940,11213838
7402817,8279454
7402817,11959568
8279454,11959568
2663305,2122921
11969042,970405
2800170,8837745
2800170,11459919
8837745,11459919
12135676,7545529
8328571,3706996
12850969,12378459
12850969,6611268
12378459,6611268
11191673,7561284
13816253,13905978
2280166,12611637
13143930,9132269
3180005,13036241
3180005,12954158
13036241,12954158
13715696,13957767
9577486,13653529
11463675,13849729
2891998,3886954
6757614,12992624
6757614,5903410
12992624,5903410
13746414,2372040
9405622,13386144
8126025,12189971
12076173,7727999
10286325,3638382
2395379,2463354
9634391,55916
13148028,6570840
13148028,559579
6570840,559579
7456412,1184229
7777637,11304549
8539388,13767077
6345996,11237821
8313323,1683167
8313323,1635865
1683167,1635865
3270714,9754036
9891559,12941543
10565634,2784409
10565634,10519812
2784409,10519812
1743587,13251289
1743587,9855787
13251289,9855787
11908802,243983
253231,11977388
6369878,201364
3911261,5960553
7075348,1547983
8099838,3079148
1431785,1424617
1431785,11142954
1431785,11115268
1424617,11142954
1424617,11115268
11142954,11115268
9867146,3836498
979450,11251938
563518,3369336
9799546,187863
1764636,12528141
927325,1540818
10362375,13600886
10362375,13250963
13600886,13250963
6782057,9172025
6782057,6758370
9172025,6758370
7073898,1951282
7054061,1672140
948753,1133597
948753,1014413
1133597,1014413
12530668,2722157
116717,13356040
2071366,9121463
560571,9657130
12390139,6814273
3088943,6381210
9364761,636869
11649472,11637223
11649472,241228
11637223,241228
847058,8631138
12609994,13148468
1388604,2241049
810656,6514220
6723051,1540547
10399280,1330413
4114315,10599896
13663178,13673999
12666411,6765285
11485235,11510384
5888483,6793296
5888483,6647618
6793296,6647618
7364784,1133093
10319285,6221612
11302743,1075876
14166792,11670297
6617619,9017683
469193,5961455
498682,450512
318890,334787
318890,9218417
334787,9218417
12512973,1780379
1480612,7040031
13237185,3998508
13715824,11640106
3607566,12925627
3100366,3955415
3100366,345279
3100366,3105193
3955415,345279
3955415,3105193
345279,3105193
6568845,7148793
13774410,12549383
10121570,1881102
12155670,7655772
6617054,13360836
7949496,564101
7949496,6152715
7949496,13911936
564101,6152715
564101,13911936
6152715,13911936
3877986,16598
6617679,12670808
9689580,10383966
2511658,12283760
7982436,8410864
7982436,7746299
8410864,7746299
6373186,1671771
9537069,10346034
10231484,9245605
2679132,10122811
6939335,2452678
13511220,6611567
2909671,2853181
2909671,2842329
2853181,2842329
12798760,5902454
12798760,6876111
5902454,6876111
2166244,1316689
2166244,1345898
1316689,1345898
8705611,890322
7239448,7012803
4046117,9869687
